ISO-10303-21;
HEADER;
FILE_DESCRIPTION(('Open CASCADE Model'),'2;1');
FILE_NAME('PRT-06-A0-o','2026-07-22T15:46:56',('Author'),('Open CASCADE'
    ),'Open CASCADE STEP processor 7.8','build123d','Unknown');
FILE_SCHEMA(('AUTOMOTIVE_DESIGN { 1 0 10303 214 1 1 1 1 }'));
ENDSEC;
DATA;
#1 = APPLICATION_PROTOCOL_DEFINITION('international standard',
  'automotive_design',2000,#2);
#2 = APPLICATION_CONTEXT(
  'core data for automotive mechanical design processes');
#3 = SHAPE_DEFINITION_REPRESENTATION(#4,#10);
#4 = PRODUCT_DEFINITION_SHAPE('','',#5);
#5 = PRODUCT_DEFINITION('design','',#6,#9);
#6 = PRODUCT_DEFINITION_FORMATION('','',#7);
#7 = PRODUCT('=>[0:1:1:2]','=>[0:1:1:2]','',(#8));
#8 = PRODUCT_CONTEXT('',#2,'mechanical');
#9 = PRODUCT_DEFINITION_CONTEXT('part definition',#2,'design');
#10 = SHAPE_REPRESENTATION('',(#11,#15),#19);
#11 = AXIS2_PLACEMENT_3D('',#12,#13,#14);
#12 = CARTESIAN_POINT('',(0.,0.,0.));
#13 = DIRECTION('',(0.,0.,1.));
#14 = DIRECTION('',(1.,0.,-0.));
#15 = AXIS2_PLACEMENT_3D('',#16,#17,#18);
#16 = CARTESIAN_POINT('',(1.43E+03,-118.,934.5));
#17 = DIRECTION('',(0.,0.,1.));
#18 = DIRECTION('',(1.,0.,-0.));
#19 = ( GEOMETRIC_REPRESENTATION_CONTEXT(3) 
GLOBAL_UNCERTAINTY_ASSIGNED_CONTEXT((#23)) GLOBAL_UNIT_ASSIGNED_CONTEXT(
(#20,#21,#22)) REPRESENTATION_CONTEXT('Context #1',
  '3D Context with UNIT and UNCERTAINTY') );
#20 = ( LENGTH_UNIT() NAMED_UNIT(*) SI_UNIT(.MILLI.,.METRE.) );
#21 = ( NAMED_UNIT(*) PLANE_ANGLE_UNIT() SI_UNIT($,.RADIAN.) );
#22 = ( NAMED_UNIT(*) SI_UNIT($,.STERADIAN.) SOLID_ANGLE_UNIT() );
#23 = UNCERTAINTY_MEASURE_WITH_UNIT(LENGTH_MEASURE(1.E-07),#20,
  'distance_accuracy_value','confusion accuracy');
#24 = PRODUCT_RELATED_PRODUCT_CATEGORY('part',$,(#7));
#25 = SHAPE_DEFINITION_REPRESENTATION(#26,#32);
#26 = PRODUCT_DEFINITION_SHAPE('','',#27);
#27 = PRODUCT_DEFINITION('design','',#28,#31);
#28 = PRODUCT_DEFINITION_FORMATION('','',#29);
#29 = PRODUCT('PRT-06-A0-o','PRT-06-A0-o','',(#30));
#30 = PRODUCT_CONTEXT('',#2,'mechanical');
#31 = PRODUCT_DEFINITION_CONTEXT('part definition',#2,'design');
#32 = ADVANCED_BREP_SHAPE_REPRESENTATION('',(#11,#33),#2799);
#33 = MANIFOLD_SOLID_BREP('',#34);
#34 = CLOSED_SHELL('',(#35,#155,#241,#322,#1160,#1413,#1420,#1518,#1545,
    #1594,#1672,#1721,#1770,#1819,#1868,#1917,#1966,#2205,#2254,#2303,
    #2352,#2401,#2450,#2477,#2504,#2553,#2602,#2629,#2656,#2683,#2710,
    #2737,#2764,#2773,#2785,#2792));
#35 = ADVANCED_FACE('',(#36),#50,.F.);
#36 = FACE_BOUND('',#37,.T.);
#37 = EDGE_LOOP('',(#38,#73,#101,#129));
#38 = ORIENTED_EDGE('',*,*,#39,.T.);
#39 = EDGE_CURVE('',#40,#42,#44,.T.);
#40 = VERTEX_POINT('',#41);
#41 = CARTESIAN_POINT('',(-100.9704381007,0.,-108.2079970692));
#42 = VERTEX_POINT('',#43);
#43 = CARTESIAN_POINT('',(-100.9704381007,8.,-108.2079970692));
#44 = SURFACE_CURVE('',#45,(#49,#61),.PCURVE_S1.);
#45 = LINE('',#46,#47);
#46 = CARTESIAN_POINT('',(-100.9704381007,0.,-108.2079970692));
#47 = VECTOR('',#48,1.);
#48 = DIRECTION('',(-0.,1.,-0.));
#49 = PCURVE('',#50,#55);
#50 = PLANE('',#51);
#51 = AXIS2_PLACEMENT_3D('',#52,#53,#54);
#52 = CARTESIAN_POINT('',(-100.9704381007,0.,-108.2079970692));
#53 = DIRECTION('',(0.731135115333,-0.,-0.68223268987));
#54 = DIRECTION('',(0.68223268987,0.,0.731135115333));
#55 = DEFINITIONAL_REPRESENTATION('',(#56),#60);
#56 = LINE('',#57,#58);
#57 = CARTESIAN_POINT('',(0.,-0.));
#58 = VECTOR('',#59,1.);
#59 = DIRECTION('',(-0.,-1.));
#60 = ( GEOMETRIC_REPRESENTATION_CONTEXT(2) 
PARAMETRIC_REPRESENTATION_CONTEXT() REPRESENTATION_CONTEXT('2D SPACE',''
  ) );
#61 = PCURVE('',#62,#67);
#62 = CYLINDRICAL_SURFACE('',#63,148.);
#63 = AXIS2_PLACEMENT_3D('',#64,#65,#66);
#64 = CARTESIAN_POINT('',(0.,0.,0.));
#65 = DIRECTION('',(-0.,-1.,-0.));
#66 = DIRECTION('',(1.,-0.,-0.));
#67 = DEFINITIONAL_REPRESENTATION('',(#68),#72);
#68 = LINE('',#69,#70);
#69 = CARTESIAN_POINT('',(3.961576948561,0.));
#70 = VECTOR('',#71,1.);
#71 = DIRECTION('',(0.,-1.));
#72 = ( GEOMETRIC_REPRESENTATION_CONTEXT(2) 
PARAMETRIC_REPRESENTATION_CONTEXT() REPRESENTATION_CONTEXT('2D SPACE',''
  ) );
#73 = ORIENTED_EDGE('',*,*,#74,.T.);
#74 = EDGE_CURVE('',#42,#75,#77,.T.);
#75 = VERTEX_POINT('',#76);
#76 = CARTESIAN_POINT('',(-148.7267263916,8.,-159.3874551425));
#77 = SURFACE_CURVE('',#78,(#82,#89),.PCURVE_S1.);
#78 = LINE('',#79,#80);
#79 = CARTESIAN_POINT('',(0.,8.,0.));
#80 = VECTOR('',#81,1.);
#81 = DIRECTION('',(-0.68223268987,0.,-0.731135115333));
#82 = PCURVE('',#50,#83);
#83 = DEFINITIONAL_REPRESENTATION('',(#84),#88);
#84 = LINE('',#85,#86);
#85 = CARTESIAN_POINT('',(148.,-8.));
#86 = VECTOR('',#87,1.);
#87 = DIRECTION('',(-1.,0.));
#88 = ( GEOMETRIC_REPRESENTATION_CONTEXT(2) 
PARAMETRIC_REPRESENTATION_CONTEXT() REPRESENTATION_CONTEXT('2D SPACE',''
  ) );
#89 = PCURVE('',#90,#95);
#90 = PLANE('',#91);
#91 = AXIS2_PLACEMENT_3D('',#92,#93,#94);
#92 = CARTESIAN_POINT('',(-1.926961507872E-14,8.,-8.899100073804E-15));
#93 = DIRECTION('',(-0.,1.,-0.));
#94 = DIRECTION('',(-1.,0.,0.));
#95 = DEFINITIONAL_REPRESENTATION('',(#96),#100);
#96 = LINE('',#97,#98);
#97 = CARTESIAN_POINT('',(-1.926961507872E-14,8.899100073804E-15));
#98 = VECTOR('',#99,1.);
#99 = DIRECTION('',(0.68223268987,-0.731135115333));
#100 = ( GEOMETRIC_REPRESENTATION_CONTEXT(2) 
PARAMETRIC_REPRESENTATION_CONTEXT() REPRESENTATION_CONTEXT('2D SPACE',''
  ) );
#101 = ORIENTED_EDGE('',*,*,#102,.F.);
#102 = EDGE_CURVE('',#103,#75,#105,.T.);
#103 = VERTEX_POINT('',#104);
#104 = CARTESIAN_POINT('',(-148.7267263916,0.,-159.3874551425));
#105 = SURFACE_CURVE('',#106,(#110,#117),.PCURVE_S1.);
#106 = LINE('',#107,#108);
#107 = CARTESIAN_POINT('',(-148.7267263916,0.,-159.3874551425));
#108 = VECTOR('',#109,1.);
#109 = DIRECTION('',(-0.,1.,-0.));
#110 = PCURVE('',#50,#111);
#111 = DEFINITIONAL_REPRESENTATION('',(#112),#116);
#112 = LINE('',#113,#114);
#113 = CARTESIAN_POINT('',(-70.,0.));
#114 = VECTOR('',#115,1.);
#115 = DIRECTION('',(-0.,-1.));
#116 = ( GEOMETRIC_REPRESENTATION_CONTEXT(2) 
PARAMETRIC_REPRESENTATION_CONTEXT() REPRESENTATION_CONTEXT('2D SPACE',''
  ) );
#117 = PCURVE('',#118,#123);
#118 = CYLINDRICAL_SURFACE('',#119,218.);
#119 = AXIS2_PLACEMENT_3D('',#120,#121,#122);
#120 = CARTESIAN_POINT('',(0.,0.,0.));
#121 = DIRECTION('',(-0.,-1.,-0.));
#122 = DIRECTION('',(1.,-0.,-0.));
#123 = DEFINITIONAL_REPRESENTATION('',(#124),#128);
#124 = LINE('',#125,#126);
#125 = CARTESIAN_POINT('',(3.961576948561,0.));
#126 = VECTOR('',#127,1.);
#127 = DIRECTION('',(0.,-1.));
#128 = ( GEOMETRIC_REPRESENTATION_CONTEXT(2) 
PARAMETRIC_REPRESENTATION_CONTEXT() REPRESENTATION_CONTEXT('2D SPACE',''
  ) );
#129 = ORIENTED_EDGE('',*,*,#130,.F.);
#130 = EDGE_CURVE('',#40,#103,#131,.T.);
#131 = SURFACE_CURVE('',#132,(#136,#143),.PCURVE_S1.);
#132 = LINE('',#133,#134);
#133 = CARTESIAN_POINT('',(0.,0.,0.));
#134 = VECTOR('',#135,1.);
#135 = DIRECTION('',(-0.68223268987,0.,-0.731135115333));
#136 = PCURVE('',#50,#137);
#137 = DEFINITIONAL_REPRESENTATION('',(#138),#142);
#138 = LINE('',#139,#140);
#139 = CARTESIAN_POINT('',(148.,-0.));
#140 = VECTOR('',#141,1.);
#141 = DIRECTION('',(-1.,0.));
#142 = ( GEOMETRIC_REPRESENTATION_CONTEXT(2) 
PARAMETRIC_REPRESENTATION_CONTEXT() REPRESENTATION_CONTEXT('2D SPACE',''
  ) );
#143 = PCURVE('',#144,#149);
#144 = PLANE('',#145);
#145 = AXIS2_PLACEMENT_3D('',#146,#147,#148);
#146 = CARTESIAN_POINT('',(-1.926961507872E-14,0.,-8.899100073804E-15));
#147 = DIRECTION('',(-0.,1.,-0.));
#148 = DIRECTION('',(-1.,0.,0.));
#149 = DEFINITIONAL_REPRESENTATION('',(#150),#154);
#150 = LINE('',#151,#152);
#151 = CARTESIAN_POINT('',(-1.926961507872E-14,8.899100073804E-15));
#152 = VECTOR('',#153,1.);
#153 = DIRECTION('',(0.68223268987,-0.731135115333));
#154 = ( GEOMETRIC_REPRESENTATION_CONTEXT(2) 
PARAMETRIC_REPRESENTATION_CONTEXT() REPRESENTATION_CONTEXT('2D SPACE',''
  ) );
#155 = ADVANCED_FACE('',(#156),#62,.F.);
#156 = FACE_BOUND('',#157,.F.);
#157 = EDGE_LOOP('',(#158,#159,#187,#215));
#158 = ORIENTED_EDGE('',*,*,#39,.T.);
#159 = ORIENTED_EDGE('',*,*,#160,.T.);
#160 = EDGE_CURVE('',#42,#161,#163,.T.);
#161 = VERTEX_POINT('',#162);
#162 = CARTESIAN_POINT('',(91.0805205953,8.,-116.6547845915));
#163 = SURFACE_CURVE('',#164,(#169,#176),.PCURVE_S1.);
#164 = CIRCLE('',#165,148.);
#165 = AXIS2_PLACEMENT_3D('',#166,#167,#168);
#166 = CARTESIAN_POINT('',(0.,8.,0.));
#167 = DIRECTION('',(0.,-1.,0.));
#168 = DIRECTION('',(1.,0.,0.));
#169 = PCURVE('',#62,#170);
#170 = DEFINITIONAL_REPRESENTATION('',(#171),#175);
#171 = LINE('',#172,#173);
#172 = CARTESIAN_POINT('',(0.,-8.));
#173 = VECTOR('',#174,1.);
#174 = DIRECTION('',(1.,0.));
#175 = ( GEOMETRIC_REPRESENTATION_CONTEXT(2) 
PARAMETRIC_REPRESENTATION_CONTEXT() REPRESENTATION_CONTEXT('2D SPACE',''
  ) );
#176 = PCURVE('',#90,#177);
#177 = DEFINITIONAL_REPRESENTATION('',(#178),#186);
#178 = ( BOUNDED_CURVE() B_SPLINE_CURVE(2,(#179,#180,#181,#182,#183,#184
,#185),.UNSPECIFIED.,.T.,.F.) B_SPLINE_CURVE_WITH_KNOTS((1,2,2,2,2,1),(
    -2.094395102393,0.,2.094395102393,4.188790204786,6.28318530718,
8.377580409573),.UNSPECIFIED.) CURVE() GEOMETRIC_REPRESENTATION_ITEM() 
RATIONAL_B_SPLINE_CURVE((1.,0.5,1.,0.5,1.,0.5,1.)) REPRESENTATION_ITEM(
  '') );
#179 = CARTESIAN_POINT('',(-148.,8.899100073804E-15));
#180 = CARTESIAN_POINT('',(-148.,256.34351952019));
#181 = CARTESIAN_POINT('',(74.,128.17175976009));
#182 = CARTESIAN_POINT('',(296.,4.514864532857E-14));
#183 = CARTESIAN_POINT('',(74.,-128.17175976));
#184 = CARTESIAN_POINT('',(-148.,-256.3435195201));
#185 = CARTESIAN_POINT('',(-148.,8.899100073804E-15));
#186 = ( GEOMETRIC_REPRESENTATION_CONTEXT(2) 
PARAMETRIC_REPRESENTATION_CONTEXT() REPRESENTATION_CONTEXT('2D SPACE',''
  ) );
#187 = ORIENTED_EDGE('',*,*,#188,.F.);
#188 = EDGE_CURVE('',#189,#161,#191,.T.);
#189 = VERTEX_POINT('',#190);
#190 = CARTESIAN_POINT('',(91.0805205953,0.,-116.6547845915));
#191 = SURFACE_CURVE('',#192,(#196,#203),.PCURVE_S1.);
#192 = LINE('',#193,#194);
#193 = CARTESIAN_POINT('',(91.0805205953,0.,-116.6547845915));
#194 = VECTOR('',#195,1.);
#195 = DIRECTION('',(-0.,1.,-0.));
#196 = PCURVE('',#62,#197);
#197 = DEFINITIONAL_REPRESENTATION('',(#198),#202);
#198 = LINE('',#199,#200);
#199 = CARTESIAN_POINT('',(5.375293642676,0.));
#200 = VECTOR('',#201,1.);
#201 = DIRECTION('',(0.,-1.));
#202 = ( GEOMETRIC_REPRESENTATION_CONTEXT(2) 
PARAMETRIC_REPRESENTATION_CONTEXT() REPRESENTATION_CONTEXT('2D SPACE',''
  ) );
#203 = PCURVE('',#204,#209);
#204 = PLANE('',#205);
#205 = AXIS2_PLACEMENT_3D('',#206,#207,#208);
#206 = CARTESIAN_POINT('',(134.15914520118,0.,-171.8293448712));
#207 = DIRECTION('',(-0.788208003997,-0.,-0.615408922941));
#208 = DIRECTION('',(0.615408922941,0.,-0.788208003997));
#209 = DEFINITIONAL_REPRESENTATION('',(#210),#214);
#210 = LINE('',#211,#212);
#211 = CARTESIAN_POINT('',(-70.,-0.));
#212 = VECTOR('',#213,1.);
#213 = DIRECTION('',(-0.,-1.));
#214 = ( GEOMETRIC_REPRESENTATION_CONTEXT(2) 
PARAMETRIC_REPRESENTATION_CONTEXT() REPRESENTATION_CONTEXT('2D SPACE',''
  ) );
#215 = ORIENTED_EDGE('',*,*,#216,.F.);
#216 = EDGE_CURVE('',#40,#189,#217,.T.);
#217 = SURFACE_CURVE('',#218,(#223,#230),.PCURVE_S1.);
#218 = CIRCLE('',#219,148.);
#219 = AXIS2_PLACEMENT_3D('',#220,#221,#222);
#220 = CARTESIAN_POINT('',(0.,0.,0.));
#221 = DIRECTION('',(0.,-1.,0.));
#222 = DIRECTION('',(1.,0.,0.));
#223 = PCURVE('',#62,#224);
#224 = DEFINITIONAL_REPRESENTATION('',(#225),#229);
#225 = LINE('',#226,#227);
#226 = CARTESIAN_POINT('',(0.,0.));
#227 = VECTOR('',#228,1.);
#228 = DIRECTION('',(1.,0.));
#229 = ( GEOMETRIC_REPRESENTATION_CONTEXT(2) 
PARAMETRIC_REPRESENTATION_CONTEXT() REPRESENTATION_CONTEXT('2D SPACE',''
  ) );
#230 = PCURVE('',#144,#231);
#231 = DEFINITIONAL_REPRESENTATION('',(#232),#240);
#232 = ( BOUNDED_CURVE() B_SPLINE_CURVE(2,(#233,#234,#235,#236,#237,#238
,#239),.UNSPECIFIED.,.T.,.F.) B_SPLINE_CURVE_WITH_KNOTS((1,2,2,2,2,1),(
    -2.094395102393,0.,2.094395102393,4.188790204786,6.28318530718,
8.377580409573),.UNSPECIFIED.) CURVE() GEOMETRIC_REPRESENTATION_ITEM() 
RATIONAL_B_SPLINE_CURVE((1.,0.5,1.,0.5,1.,0.5,1.)) REPRESENTATION_ITEM(
  '') );
#233 = CARTESIAN_POINT('',(-148.,8.899100073804E-15));
#234 = CARTESIAN_POINT('',(-148.,256.34351952019));
#235 = CARTESIAN_POINT('',(74.,128.17175976009));
#236 = CARTESIAN_POINT('',(296.,4.514864532857E-14));
#237 = CARTESIAN_POINT('',(74.,-128.17175976));
#238 = CARTESIAN_POINT('',(-148.,-256.3435195201));
#239 = CARTESIAN_POINT('',(-148.,8.899100073804E-15));
#240 = ( GEOMETRIC_REPRESENTATION_CONTEXT(2) 
PARAMETRIC_REPRESENTATION_CONTEXT() REPRESENTATION_CONTEXT('2D SPACE',''
  ) );
#241 = ADVANCED_FACE('',(#242),#118,.T.);
#242 = FACE_BOUND('',#243,.T.);
#243 = EDGE_LOOP('',(#244,#245,#273,#296));
#244 = ORIENTED_EDGE('',*,*,#102,.T.);
#245 = ORIENTED_EDGE('',*,*,#246,.T.);
#246 = EDGE_CURVE('',#75,#247,#249,.T.);
#247 = VERTEX_POINT('',#248);
#248 = CARTESIAN_POINT('',(134.15914520118,8.,-171.8293448712));
#249 = SURFACE_CURVE('',#250,(#255,#262),.PCURVE_S1.);
#250 = CIRCLE('',#251,218.);
#251 = AXIS2_PLACEMENT_3D('',#252,#253,#254);
#252 = CARTESIAN_POINT('',(0.,8.,0.));
#253 = DIRECTION('',(0.,-1.,0.));
#254 = DIRECTION('',(1.,0.,0.));
#255 = PCURVE('',#118,#256);
#256 = DEFINITIONAL_REPRESENTATION('',(#257),#261);
#257 = LINE('',#258,#259);
#258 = CARTESIAN_POINT('',(0.,-8.));
#259 = VECTOR('',#260,1.);
#260 = DIRECTION('',(1.,0.));
#261 = ( GEOMETRIC_REPRESENTATION_CONTEXT(2) 
PARAMETRIC_REPRESENTATION_CONTEXT() REPRESENTATION_CONTEXT('2D SPACE',''
  ) );
#262 = PCURVE('',#90,#263);
#263 = DEFINITIONAL_REPRESENTATION('',(#264),#272);
#264 = ( BOUNDED_CURVE() B_SPLINE_CURVE(2,(#265,#266,#267,#268,#269,#270
,#271),.UNSPECIFIED.,.T.,.F.) B_SPLINE_CURVE_WITH_KNOTS((1,2,2,2,2,1),(
    -2.094395102393,0.,2.094395102393,4.188790204786,6.28318530718,
8.377580409573),.UNSPECIFIED.) CURVE() GEOMETRIC_REPRESENTATION_ITEM() 
RATIONAL_B_SPLINE_CURVE((1.,0.5,1.,0.5,1.,0.5,1.)) REPRESENTATION_ITEM(
  '') );
#265 = CARTESIAN_POINT('',(-218.,8.899100073804E-15));
#266 = CARTESIAN_POINT('',(-218.,377.58707605001));
#267 = CARTESIAN_POINT('',(109.,188.793538025));
#268 = CARTESIAN_POINT('',(436.,6.229370051663E-14));
#269 = CARTESIAN_POINT('',(109.,-188.793538025));
#270 = CARTESIAN_POINT('',(-218.,-377.58707605));
#271 = CARTESIAN_POINT('',(-218.,8.899100073804E-15));
#272 = ( GEOMETRIC_REPRESENTATION_CONTEXT(2) 
PARAMETRIC_REPRESENTATION_CONTEXT() REPRESENTATION_CONTEXT('2D SPACE',''
  ) );
#273 = ORIENTED_EDGE('',*,*,#274,.F.);
#274 = EDGE_CURVE('',#275,#247,#277,.T.);
#275 = VERTEX_POINT('',#276);
#276 = CARTESIAN_POINT('',(134.15914520118,0.,-171.8293448712));
#277 = SURFACE_CURVE('',#278,(#282,#289),.PCURVE_S1.);
#278 = LINE('',#279,#280);
#279 = CARTESIAN_POINT('',(134.15914520118,0.,-171.8293448712));
#280 = VECTOR('',#281,1.);
#281 = DIRECTION('',(-0.,1.,-0.));
#282 = PCURVE('',#118,#283);
#283 = DEFINITIONAL_REPRESENTATION('',(#284),#288);
#284 = LINE('',#285,#286);
#285 = CARTESIAN_POINT('',(5.375293642676,0.));
#286 = VECTOR('',#287,1.);
#287 = DIRECTION('',(0.,-1.));
#288 = ( GEOMETRIC_REPRESENTATION_CONTEXT(2) 
PARAMETRIC_REPRESENTATION_CONTEXT() REPRESENTATION_CONTEXT('2D SPACE',''
  ) );
#289 = PCURVE('',#204,#290);
#290 = DEFINITIONAL_REPRESENTATION('',(#291),#295);
#291 = LINE('',#292,#293);
#292 = CARTESIAN_POINT('',(-0.,0.));
#293 = VECTOR('',#294,1.);
#294 = DIRECTION('',(-0.,-1.));
#295 = ( GEOMETRIC_REPRESENTATION_CONTEXT(2) 
PARAMETRIC_REPRESENTATION_CONTEXT() REPRESENTATION_CONTEXT('2D SPACE',''
  ) );
#296 = ORIENTED_EDGE('',*,*,#297,.F.);
#297 = EDGE_CURVE('',#103,#275,#298,.T.);
#298 = SURFACE_CURVE('',#299,(#304,#311),.PCURVE_S1.);
#299 = CIRCLE('',#300,218.);
#300 = AXIS2_PLACEMENT_3D('',#301,#302,#303);
#301 = CARTESIAN_POINT('',(0.,0.,0.));
#302 = DIRECTION('',(0.,-1.,0.));
#303 = DIRECTION('',(1.,0.,0.));
#304 = PCURVE('',#118,#305);
#305 = DEFINITIONAL_REPRESENTATION('',(#306),#310);
#306 = LINE('',#307,#308);
#307 = CARTESIAN_POINT('',(0.,0.));
#308 = VECTOR('',#309,1.);
#309 = DIRECTION('',(1.,0.));
#310 = ( GEOMETRIC_REPRESENTATION_CONTEXT(2) 
PARAMETRIC_REPRESENTATION_CONTEXT() REPRESENTATION_CONTEXT('2D SPACE',''
  ) );
#311 = PCURVE('',#144,#312);
#312 = DEFINITIONAL_REPRESENTATION('',(#313),#321);
#313 = ( BOUNDED_CURVE() B_SPLINE_CURVE(2,(#314,#315,#316,#317,#318,#319
,#320),.UNSPECIFIED.,.T.,.F.) B_SPLINE_CURVE_WITH_KNOTS((1,2,2,2,2,1),(
    -2.094395102393,0.,2.094395102393,4.188790204786,6.28318530718,
8.377580409573),.UNSPECIFIED.) CURVE() GEOMETRIC_REPRESENTATION_ITEM() 
RATIONAL_B_SPLINE_CURVE((1.,0.5,1.,0.5,1.,0.5,1.)) REPRESENTATION_ITEM(
  '') );
#314 = CARTESIAN_POINT('',(-218.,8.899100073804E-15));
#315 = CARTESIAN_POINT('',(-218.,377.58707605001));
#316 = CARTESIAN_POINT('',(109.,188.793538025));
#317 = CARTESIAN_POINT('',(436.,6.229370051663E-14));
#318 = CARTESIAN_POINT('',(109.,-188.793538025));
#319 = CARTESIAN_POINT('',(-218.,-377.58707605));
#320 = CARTESIAN_POINT('',(-218.,8.899100073804E-15));
#321 = ( GEOMETRIC_REPRESENTATION_CONTEXT(2) 
PARAMETRIC_REPRESENTATION_CONTEXT() REPRESENTATION_CONTEXT('2D SPACE',''
  ) );
#322 = ADVANCED_FACE('',(#323,#349,#1005,#1036,#1067,#1098,#1129),#144,
  .F.);
#323 = FACE_BOUND('',#324,.T.);
#324 = EDGE_LOOP('',(#325,#326,#327,#348));
#325 = ORIENTED_EDGE('',*,*,#130,.T.);
#326 = ORIENTED_EDGE('',*,*,#297,.T.);
#327 = ORIENTED_EDGE('',*,*,#328,.T.);
#328 = EDGE_CURVE('',#275,#189,#329,.T.);
#329 = SURFACE_CURVE('',#330,(#334,#341),.PCURVE_S1.);
#330 = LINE('',#331,#332);
#331 = CARTESIAN_POINT('',(174.40688876154,0.,-223.3781483326));
#332 = VECTOR('',#333,1.);
#333 = DIRECTION('',(-0.615408922941,0.,0.788208003997));
#334 = PCURVE('',#144,#335);
#335 = DEFINITIONAL_REPRESENTATION('',(#336),#340);
#336 = LINE('',#337,#338);
#337 = CARTESIAN_POINT('',(-174.4068887615,-223.3781483326));
#338 = VECTOR('',#339,1.);
#339 = DIRECTION('',(0.615408922941,0.788208003997));
#340 = ( GEOMETRIC_REPRESENTATION_CONTEXT(2) 
PARAMETRIC_REPRESENTATION_CONTEXT() REPRESENTATION_CONTEXT('2D SPACE',''
  ) );
#341 = PCURVE('',#204,#342);
#342 = DEFINITIONAL_REPRESENTATION('',(#343),#347);
#343 = LINE('',#344,#345);
#344 = CARTESIAN_POINT('',(65.4,-0.));
#345 = VECTOR('',#346,1.);
#346 = DIRECTION('',(-1.,-0.));
#347 = ( GEOMETRIC_REPRESENTATION_CONTEXT(2) 
PARAMETRIC_REPRESENTATION_CONTEXT() REPRESENTATION_CONTEXT('2D SPACE',''
  ) );
#348 = ORIENTED_EDGE('',*,*,#216,.F.);
#349 = FACE_BOUND('',#350,.T.);
#350 = EDGE_LOOP('',(#351,#381,#414,#442,#470,#498,#526,#554,#582,#610,
    #638,#671,#699,#727,#755,#783,#811,#839,#867,#895,#923,#951,#979));
#351 = ORIENTED_EDGE('',*,*,#352,.F.);
#352 = EDGE_CURVE('',#353,#355,#357,.T.);
#353 = VERTEX_POINT('',#354);
#354 = CARTESIAN_POINT('',(-103.4056801261,0.,-137.1325191836));
#355 = VERTEX_POINT('',#356);
#356 = CARTESIAN_POINT('',(-105.9537668338,0.,-140.5116908975));
#357 = SURFACE_CURVE('',#358,(#362,#369),.PCURVE_S1.);
#358 = LINE('',#359,#360);
#359 = CARTESIAN_POINT('',(0.,0.,0.));
#360 = VECTOR('',#361,1.);
#361 = DIRECTION('',(-0.602070917765,0.,-0.798442615334));
#362 = PCURVE('',#144,#363);
#363 = DEFINITIONAL_REPRESENTATION('',(#364),#368);
#364 = LINE('',#365,#366);
#365 = CARTESIAN_POINT('',(-1.926961507872E-14,8.899100073804E-15));
#366 = VECTOR('',#367,1.);
#367 = DIRECTION('',(0.602070917765,-0.798442615334));
#368 = ( GEOMETRIC_REPRESENTATION_CONTEXT(2) 
PARAMETRIC_REPRESENTATION_CONTEXT() REPRESENTATION_CONTEXT('2D SPACE',''
  ) );
#369 = PCURVE('',#370,#375);
#370 = PLANE('',#371);
#371 = AXIS2_PLACEMENT_3D('',#372,#373,#374);
#372 = CARTESIAN_POINT('',(-103.4056801261,0.,-137.1325191836));
#373 = DIRECTION('',(0.798442615334,-0.,-0.602070917765));
#374 = DIRECTION('',(0.602070917765,0.,0.798442615334));
#375 = DEFINITIONAL_REPRESENTATION('',(#376),#380);
#376 = LINE('',#377,#378);
#377 = CARTESIAN_POINT('',(171.75,-0.));
#378 = VECTOR('',#379,1.);
#379 = DIRECTION('',(-1.,0.));
#380 = ( GEOMETRIC_REPRESENTATION_CONTEXT(2) 
PARAMETRIC_REPRESENTATION_CONTEXT() REPRESENTATION_CONTEXT('2D SPACE',''
  ) );
#381 = ORIENTED_EDGE('',*,*,#382,.T.);
#382 = EDGE_CURVE('',#353,#383,#385,.T.);
#383 = VERTEX_POINT('',#384);
#384 = CARTESIAN_POINT('',(90.966954187976,0.,-145.6814186702));
#385 = SURFACE_CURVE('',#386,(#391,#402),.PCURVE_S1.);
#386 = CIRCLE('',#387,171.75);
#387 = AXIS2_PLACEMENT_3D('',#388,#389,#390);
#388 = CARTESIAN_POINT('',(0.,0.,0.));
#389 = DIRECTION('',(0.,-1.,0.));
#390 = DIRECTION('',(1.,0.,0.));
#391 = PCURVE('',#144,#392);
#392 = DEFINITIONAL_REPRESENTATION('',(#393),#401);
#393 = ( BOUNDED_CURVE() B_SPLINE_CURVE(2,(#394,#395,#396,#397,#398,#399
,#400),.UNSPECIFIED.,.T.,.F.) B_SPLINE_CURVE_WITH_KNOTS((1,2,2,2,2,1),(
    -2.094395102393,0.,2.094395102393,4.188790204786,6.28318530718,
8.377580409573),.UNSPECIFIED.) CURVE() GEOMETRIC_REPRESENTATION_ITEM() 
RATIONAL_B_SPLINE_CURVE((1.,0.5,1.,0.5,1.,0.5,1.)) REPRESENTATION_ITEM(
  '') );
#394 = CARTESIAN_POINT('',(-171.75,8.899100073804E-15));
#395 = CARTESIAN_POINT('',(-171.75,297.47972619995));
#396 = CARTESIAN_POINT('',(85.875,148.73986309997));
#397 = CARTESIAN_POINT('',(343.5,5.096571762452E-14));
#398 = CARTESIAN_POINT('',(85.875,-148.7398630999));
#399 = CARTESIAN_POINT('',(-171.75,-297.4797261999));
#400 = CARTESIAN_POINT('',(-171.75,8.899100073804E-15));
#401 = ( GEOMETRIC_REPRESENTATION_CONTEXT(2) 
PARAMETRIC_REPRESENTATION_CONTEXT() REPRESENTATION_CONTEXT('2D SPACE',''
  ) );
#402 = PCURVE('',#403,#408);
#403 = CYLINDRICAL_SURFACE('',#404,171.75);
#404 = AXIS2_PLACEMENT_3D('',#405,#406,#407);
#405 = CARTESIAN_POINT('',(0.,0.,0.));
#406 = DIRECTION('',(-0.,-1.,-0.));
#407 = DIRECTION('',(1.,-0.,-0.));
#408 = DEFINITIONAL_REPRESENTATION('',(#409),#413);
#409 = LINE('',#410,#411);
#410 = CARTESIAN_POINT('',(0.,0.));
#411 = VECTOR('',#412,1.);
#412 = DIRECTION('',(1.,0.));
#413 = ( GEOMETRIC_REPRESENTATION_CONTEXT(2) 
PARAMETRIC_REPRESENTATION_CONTEXT() REPRESENTATION_CONTEXT('2D SPACE',''
  ) );
#414 = ORIENTED_EDGE('',*,*,#415,.F.);
#415 = EDGE_CURVE('',#416,#383,#418,.T.);
#416 = VERTEX_POINT('',#417);
#417 = CARTESIAN_POINT('',(93.208530149077,0.,-149.2712493838));
#418 = SURFACE_CURVE('',#419,(#423,#430),.PCURVE_S1.);
#419 = LINE('',#420,#421);
#420 = CARTESIAN_POINT('',(129.61797882767,0.,-207.58011752));
#421 = VECTOR('',#422,1.);
#422 = DIRECTION('',(-0.529647477077,0.,0.848217867075));
#423 = PCURVE('',#144,#424);
#424 = DEFINITIONAL_REPRESENTATION('',(#425),#429);
#425 = LINE('',#426,#427);
#426 = CARTESIAN_POINT('',(-129.6179788276,-207.58011752));
#427 = VECTOR('',#428,1.);
#428 = DIRECTION('',(0.529647477077,0.848217867075));
#429 = ( GEOMETRIC_REPRESENTATION_CONTEXT(2) 
PARAMETRIC_REPRESENTATION_CONTEXT() REPRESENTATION_CONTEXT('2D SPACE',''
  ) );
#430 = PCURVE('',#431,#436);
#431 = PLANE('',#432);
#432 = AXIS2_PLACEMENT_3D('',#433,#434,#435);
#433 = CARTESIAN_POINT('',(99.706137559749,0.,-159.6770134769));
#434 = DIRECTION('',(-0.848217867075,-0.,-0.529647477077));
#435 = DIRECTION('',(0.529647477077,0.,-0.848217867075));
#436 = DEFINITIONAL_REPRESENTATION('',(#437),#441);
#437 = LINE('',#438,#439);
#438 = CARTESIAN_POINT('',(56.475,-0.));
#439 = VECTOR('',#440,1.);
#440 = DIRECTION('',(-1.,-0.));
#441 = ( GEOMETRIC_REPRESENTATION_CONTEXT(2) 
PARAMETRIC_REPRESENTATION_CONTEXT() REPRESENTATION_CONTEXT('2D SPACE',''
  ) );
#442 = ORIENTED_EDGE('',*,*,#443,.T.);
#443 = EDGE_CURVE('',#416,#444,#446,.T.);
#444 = VERTEX_POINT('',#445);
#445 = CARTESIAN_POINT('',(95.03471759238,0.,-148.217679705));
#446 = SURFACE_CURVE('',#447,(#451,#458),.PCURVE_S1.);
#447 = LINE('',#448,#449);
#448 = CARTESIAN_POINT('',(84.315670965029,0.,-154.4017450669));
#449 = VECTOR('',#450,1.);
#450 = DIRECTION('',(0.866185586049,-0.,0.49972245349));
#451 = PCURVE('',#144,#452);
#452 = DEFINITIONAL_REPRESENTATION('',(#453),#457);
#453 = LINE('',#454,#455);
#454 = CARTESIAN_POINT('',(-84.31567096502,-154.4017450669));
#455 = VECTOR('',#456,1.);
#456 = DIRECTION('',(-0.866185586049,0.49972245349));
#457 = ( GEOMETRIC_REPRESENTATION_CONTEXT(2) 
PARAMETRIC_REPRESENTATION_CONTEXT() REPRESENTATION_CONTEXT('2D SPACE',''
  ) );
#458 = PCURVE('',#459,#464);
#459 = PLANE('',#460);
#460 = AXIS2_PLACEMENT_3D('',#461,#462,#463);
#461 = CARTESIAN_POINT('',(80.742655422578,2.,-156.4631001875));
#462 = DIRECTION('',(0.49972245349,0.,-0.866185586049));
#463 = DIRECTION('',(-0.866185586049,0.,-0.49972245349));
#464 = DEFINITIONAL_REPRESENTATION('',(#465),#469);
#465 = LINE('',#466,#467);
#466 = CARTESIAN_POINT('',(-4.125,-2.));
#467 = VECTOR('',#468,1.);
#468 = DIRECTION('',(-1.,0.));
#469 = ( GEOMETRIC_REPRESENTATION_CONTEXT(2) 
PARAMETRIC_REPRESENTATION_CONTEXT() REPRESENTATION_CONTEXT('2D SPACE',''
  ) );
#470 = ORIENTED_EDGE('',*,*,#471,.F.);
#471 = EDGE_CURVE('',#472,#444,#474,.T.);
#472 = VERTEX_POINT('',#473);
#473 = CARTESIAN_POINT('',(114.14910143835,0.,-181.3492783713));
#474 = SURFACE_CURVE('',#475,(#479,#486),.PCURVE_S1.);
#475 = LINE('',#476,#477);
#476 = CARTESIAN_POINT('',(51.090374338641,0.,-72.04748473186));
#477 = VECTOR('',#478,1.);
#478 = DIRECTION('',(-0.49972245349,-0.,0.866185586049));
#479 = PCURVE('',#144,#480);
#480 = DEFINITIONAL_REPRESENTATION('',(#481),#485);
#481 = LINE('',#482,#483);
#482 = CARTESIAN_POINT('',(-51.09037433864,-72.04748473186));
#483 = VECTOR('',#484,1.);
#484 = DIRECTION('',(0.49972245349,0.866185586049));
#485 = ( GEOMETRIC_REPRESENTATION_CONTEXT(2) 
PARAMETRIC_REPRESENTATION_CONTEXT() REPRESENTATION_CONTEXT('2D SPACE',''
  ) );
#486 = PCURVE('',#487,#492);
#487 = PLANE('',#488);
#488 = AXIS2_PLACEMENT_3D('',#489,#490,#491);
#489 = CARTESIAN_POINT('',(95.03471759238,2.,-148.217679705));
#490 = DIRECTION('',(0.866185586049,0.,0.49972245349));
#491 = DIRECTION('',(-0.49972245349,0.,0.866185586049));
#492 = DEFINITIONAL_REPRESENTATION('',(#493),#497);
#493 = LINE('',#494,#495);
#494 = CARTESIAN_POINT('',(87.9375,2.));
#495 = VECTOR('',#496,1.);
#496 = DIRECTION('',(1.,-0.));
#497 = ( GEOMETRIC_REPRESENTATION_CONTEXT(2) 
PARAMETRIC_REPRESENTATION_CONTEXT() REPRESENTATION_CONTEXT('2D SPACE',''
  ) );
#498 = ORIENTED_EDGE('',*,*,#499,.F.);
#499 = EDGE_CURVE('',#500,#472,#502,.T.);
#500 = VERTEX_POINT('',#501);
#501 = CARTESIAN_POINT('',(99.857039268555,0.,-189.5946988539));
#502 = SURFACE_CURVE('',#503,(#507,#514),.PCURVE_S1.);
#503 = LINE('',#504,#505);
#504 = CARTESIAN_POINT('',(103.430054811,0.,-187.5333437333));
#505 = VECTOR('',#506,1.);
#506 = DIRECTION('',(0.866185586049,-0.,0.49972245349));
#507 = PCURVE('',#144,#508);
#508 = DEFINITIONAL_REPRESENTATION('',(#509),#513);
#509 = LINE('',#510,#511);
#510 = CARTESIAN_POINT('',(-103.430054811,-187.5333437333));
#511 = VECTOR('',#512,1.);
#512 = DIRECTION('',(-0.866185586049,0.49972245349));
#513 = ( GEOMETRIC_REPRESENTATION_CONTEXT(2) 
PARAMETRIC_REPRESENTATION_CONTEXT() REPRESENTATION_CONTEXT('2D SPACE',''
  ) );
#514 = PCURVE('',#515,#520);
#515 = PLANE('',#516);
#516 = AXIS2_PLACEMENT_3D('',#517,#518,#519);
#517 = CARTESIAN_POINT('',(99.857039268555,2.,-189.5946988539));
#518 = DIRECTION('',(0.49972245349,0.,-0.866185586049));
#519 = DIRECTION('',(-0.866185586049,0.,-0.49972245349));
#520 = DEFINITIONAL_REPRESENTATION('',(#521),#525);
#521 = LINE('',#522,#523);
#522 = CARTESIAN_POINT('',(-4.125,-2.));
#523 = VECTOR('',#524,1.);
#524 = DIRECTION('',(-1.,0.));
#525 = ( GEOMETRIC_REPRESENTATION_CONTEXT(2) 
PARAMETRIC_REPRESENTATION_CONTEXT() REPRESENTATION_CONTEXT('2D SPACE',''
  ) );
#526 = ORIENTED_EDGE('',*,*,#527,.T.);
#527 = EDGE_CURVE('',#500,#528,#530,.T.);
#528 = VERTEX_POINT('',#529);
#529 = CARTESIAN_POINT('',(92.046414699127,0.,-176.0562829336));
#530 = SURFACE_CURVE('',#531,(#535,#542),.PCURVE_S1.);
#531 = LINE('',#532,#533);
#532 = CARTESIAN_POINT('',(36.798312168839,0.,-80.29290521443));
#533 = VECTOR('',#534,1.);
#534 = DIRECTION('',(-0.49972245349,-0.,0.866185586049));
#535 = PCURVE('',#144,#536);
#536 = DEFINITIONAL_REPRESENTATION('',(#537),#541);
#537 = LINE('',#538,#539);
#538 = CARTESIAN_POINT('',(-36.79831216883,-80.29290521443));
#539 = VECTOR('',#540,1.);
#540 = DIRECTION('',(0.49972245349,0.866185586049));
#541 = ( GEOMETRIC_REPRESENTATION_CONTEXT(2) 
PARAMETRIC_REPRESENTATION_CONTEXT() REPRESENTATION_CONTEXT('2D SPACE',''
  ) );
#542 = PCURVE('',#543,#548);
#543 = PLANE('',#544);
#544 = AXIS2_PLACEMENT_3D('',#545,#546,#547);
#545 = CARTESIAN_POINT('',(80.742655422578,2.,-156.4631001875));
#546 = DIRECTION('',(0.866185586049,0.,0.49972245349));
#547 = DIRECTION('',(-0.49972245349,0.,0.866185586049));
#548 = DEFINITIONAL_REPRESENTATION('',(#549),#553);
#549 = LINE('',#550,#551);
#550 = CARTESIAN_POINT('',(87.9375,2.));
#551 = VECTOR('',#552,1.);
#552 = DIRECTION('',(1.,-0.));
#553 = ( GEOMETRIC_REPRESENTATION_CONTEXT(2) 
PARAMETRIC_REPRESENTATION_CONTEXT() REPRESENTATION_CONTEXT('2D SPACE',''
  ) );
#554 = ORIENTED_EDGE('',*,*,#555,.F.);
#555 = EDGE_CURVE('',#556,#528,#558,.T.);
#556 = VERTEX_POINT('',#557);
#557 = CARTESIAN_POINT('',(98.706653972562,0.,-190.1961476648));
#558 = SURFACE_CURVE('',#559,(#563,#570),.PCURVE_S1.);
#559 = LINE('',#560,#561);
#560 = CARTESIAN_POINT('',(44.935510957153,-2.22044604925E-16,
    -76.03858402988));
#561 = VECTOR('',#562,1.);
#562 = DIRECTION('',(-0.426120994674,-0.,0.904666180366));
#563 = PCURVE('',#144,#564);
#564 = DEFINITIONAL_REPRESENTATION('',(#565),#569);
#565 = LINE('',#566,#567);
#566 = CARTESIAN_POINT('',(-44.93551095715,-76.03858402988));
#567 = VECTOR('',#568,1.);
#568 = DIRECTION('',(0.426120994674,0.904666180366));
#569 = ( GEOMETRIC_REPRESENTATION_CONTEXT(2) 
PARAMETRIC_REPRESENTATION_CONTEXT() REPRESENTATION_CONTEXT('2D SPACE',''
  ) );
#570 = PCURVE('',#571,#576);
#571 = PLANE('',#572);
#572 = AXIS2_PLACEMENT_3D('',#573,#574,#575);
#573 = CARTESIAN_POINT('',(82.407525926287,2.,-155.5926662658));
#574 = DIRECTION('',(0.904666180366,0.,0.426120994674));
#575 = DIRECTION('',(-0.426120994674,0.,0.904666180366));
#576 = DEFINITIONAL_REPRESENTATION('',(#577),#581);
#577 = LINE('',#578,#579);
#578 = CARTESIAN_POINT('',(87.9375,2.));
#579 = VECTOR('',#580,1.);
#580 = DIRECTION('',(1.,-0.));
#581 = ( GEOMETRIC_REPRESENTATION_CONTEXT(2) 
PARAMETRIC_REPRESENTATION_CONTEXT() REPRESENTATION_CONTEXT('2D SPACE',''
  ) );
#582 = ORIENTED_EDGE('',*,*,#583,.F.);
#583 = EDGE_CURVE('',#584,#556,#586,.T.);
#584 = VERTEX_POINT('',#585);
#585 = CARTESIAN_POINT('',(83.779661996522,0.,-197.2271440769));
#586 = SURFACE_CURVE('',#587,(#591,#598),.PCURVE_S1.);
#587 = LINE('',#588,#589);
#588 = CARTESIAN_POINT('',(87.511409990532,-2.22044604925E-16,
    -195.4693949739));
#589 = VECTOR('',#590,1.);
#590 = DIRECTION('',(0.904666180366,-0.,0.426120994674));
#591 = PCURVE('',#144,#592);
#592 = DEFINITIONAL_REPRESENTATION('',(#593),#597);
#593 = LINE('',#594,#595);
#594 = CARTESIAN_POINT('',(-87.51140999053,-195.4693949739));
#595 = VECTOR('',#596,1.);
#596 = DIRECTION('',(-0.904666180366,0.426120994674));
#597 = ( GEOMETRIC_REPRESENTATION_CONTEXT(2) 
PARAMETRIC_REPRESENTATION_CONTEXT() REPRESENTATION_CONTEXT('2D SPACE',''
  ) );
#598 = PCURVE('',#599,#604);
#599 = PLANE('',#600);
#600 = AXIS2_PLACEMENT_3D('',#601,#602,#603);
#601 = CARTESIAN_POINT('',(83.779661996522,2.,-197.2271440769));
#602 = DIRECTION('',(0.426120994674,0.,-0.904666180366));
#603 = DIRECTION('',(-0.904666180366,0.,-0.426120994674));
#604 = DEFINITIONAL_REPRESENTATION('',(#605),#609);
#605 = LINE('',#606,#607);
#606 = CARTESIAN_POINT('',(-4.125,-2.));
#607 = VECTOR('',#608,1.);
#608 = DIRECTION('',(-1.,0.));
#609 = ( GEOMETRIC_REPRESENTATION_CONTEXT(2) 
PARAMETRIC_REPRESENTATION_CONTEXT() REPRESENTATION_CONTEXT('2D SPACE',''
  ) );
#610 = ORIENTED_EDGE('',*,*,#611,.T.);
#611 = EDGE_CURVE('',#584,#612,#614,.T.);
#612 = VERTEX_POINT('',#613);
#613 = CARTESIAN_POINT('',(72.676711407159,0.,-173.6552853184));
#614 = SURFACE_CURVE('',#615,(#619,#626),.PCURVE_S1.);
#615 = LINE('',#616,#617);
#616 = CARTESIAN_POINT('',(30.008518981113,-2.22044604925E-16,
    -83.069580442));
#617 = VECTOR('',#618,1.);
#618 = DIRECTION('',(-0.426120994674,-0.,0.904666180366));
#619 = PCURVE('',#144,#620);
#620 = DEFINITIONAL_REPRESENTATION('',(#621),#625);
#621 = LINE('',#622,#623);
#622 = CARTESIAN_POINT('',(-30.00851898111,-83.069580442));
#623 = VECTOR('',#624,1.);
#624 = DIRECTION('',(0.426120994674,0.904666180366));
#625 = ( GEOMETRIC_REPRESENTATION_CONTEXT(2) 
PARAMETRIC_REPRESENTATION_CONTEXT() REPRESENTATION_CONTEXT('2D SPACE',''
  ) );
#626 = PCURVE('',#627,#632);
#627 = PLANE('',#628);
#628 = AXIS2_PLACEMENT_3D('',#629,#630,#631);
#629 = CARTESIAN_POINT('',(67.480533950247,2.,-162.6236626779));
#630 = DIRECTION('',(0.904666180366,0.,0.426120994674));
#631 = DIRECTION('',(-0.426120994674,0.,0.904666180366));
#632 = DEFINITIONAL_REPRESENTATION('',(#633),#637);
#633 = LINE('',#634,#635);
#634 = CARTESIAN_POINT('',(87.9375,2.));
#635 = VECTOR('',#636,1.);
#636 = DIRECTION('',(1.,-0.));
#637 = ( GEOMETRIC_REPRESENTATION_CONTEXT(2) 
PARAMETRIC_REPRESENTATION_CONTEXT() REPRESENTATION_CONTEXT('2D SPACE',''
  ) );
#638 = ORIENTED_EDGE('',*,*,#639,.F.);
#639 = EDGE_CURVE('',#640,#612,#642,.T.);
#640 = VERTEX_POINT('',#641);
#641 = CARTESIAN_POINT('',(40.723631921582,0.,-183.7924054554));
#642 = SURFACE_CURVE('',#643,(#648,#659),.PCURVE_S1.);
#643 = CIRCLE('',#644,188.25);
#644 = AXIS2_PLACEMENT_3D('',#645,#646,#647);
#645 = CARTESIAN_POINT('',(0.,0.,0.));
#646 = DIRECTION('',(0.,-1.,0.));
#647 = DIRECTION('',(1.,0.,0.));
#648 = PCURVE('',#144,#649);
#649 = DEFINITIONAL_REPRESENTATION('',(#650),#658);
#650 = ( BOUNDED_CURVE() B_SPLINE_CURVE(2,(#651,#652,#653,#654,#655,#656
,#657),.UNSPECIFIED.,.T.,.F.) B_SPLINE_CURVE_WITH_KNOTS((1,2,2,2,2,1),(
    -2.094395102393,0.,2.094395102393,4.188790204786,6.28318530718,
8.377580409573),.UNSPECIFIED.) CURVE() GEOMETRIC_REPRESENTATION_ITEM() 
RATIONAL_B_SPLINE_CURVE((1.,0.5,1.,0.5,1.,0.5,1.)) REPRESENTATION_ITEM(
  '') );
#651 = CARTESIAN_POINT('',(-188.25,8.899100073804E-15));
#652 = CARTESIAN_POINT('',(-188.25,326.05856452484));
#653 = CARTESIAN_POINT('',(94.125,163.02928226242));
#654 = CARTESIAN_POINT('',(376.5,5.50070520617E-14));
#655 = CARTESIAN_POINT('',(94.125,-163.0292822624));
#656 = CARTESIAN_POINT('',(-188.25,-326.0585645248));
#657 = CARTESIAN_POINT('',(-188.25,8.899100073804E-15));
#658 = ( GEOMETRIC_REPRESENTATION_CONTEXT(2) 
PARAMETRIC_REPRESENTATION_CONTEXT() REPRESENTATION_CONTEXT('2D SPACE',''
  ) );
#659 = PCURVE('',#660,#665);
#660 = CYLINDRICAL_SURFACE('',#661,188.25);
#661 = AXIS2_PLACEMENT_3D('',#662,#663,#664);
#662 = CARTESIAN_POINT('',(0.,0.,0.));
#663 = DIRECTION('',(-0.,-1.,-0.));
#664 = DIRECTION('',(1.,-0.,-0.));
#665 = DEFINITIONAL_REPRESENTATION('',(#666),#670);
#666 = LINE('',#667,#668);
#667 = CARTESIAN_POINT('',(0.,0.));
#668 = VECTOR('',#669,1.);
#669 = DIRECTION('',(1.,0.));
#670 = ( GEOMETRIC_REPRESENTATION_CONTEXT(2) 
PARAMETRIC_REPRESENTATION_CONTEXT() REPRESENTATION_CONTEXT('2D SPACE',''
  ) );
#671 = ORIENTED_EDGE('',*,*,#672,.F.);
#672 = EDGE_CURVE('',#673,#640,#675,.T.);
#673 = VERTEX_POINT('',#674);
#674 = CARTESIAN_POINT('',(45.239962110384,0.,-209.4538707048));
#675 = SURFACE_CURVE('',#676,(#680,#687),.PCURVE_S1.);
#676 = LINE('',#677,#678);
#677 = CARTESIAN_POINT('',(23.367556704966,0.,-85.17642690257));
#678 = VECTOR('',#679,1.);
#679 = DIRECTION('',(-0.173332583698,-0.,0.984863348607));
#680 = PCURVE('',#144,#681);
#681 = DEFINITIONAL_REPRESENTATION('',(#682),#686);
#682 = LINE('',#683,#684);
#683 = CARTESIAN_POINT('',(-23.36755670496,-85.17642690257));
#684 = VECTOR('',#685,1.);
#685 = DIRECTION('',(0.173332583698,0.984863348607));
#686 = ( GEOMETRIC_REPRESENTATION_CONTEXT(2) 
PARAMETRIC_REPRESENTATION_CONTEXT() REPRESENTATION_CONTEXT('2D SPACE',''
  ) );
#687 = PCURVE('',#688,#693);
#688 = PLANE('',#689);
#689 = AXIS2_PLACEMENT_3D('',#690,#691,#692);
#690 = CARTESIAN_POINT('',(38.609990783928,2.,-171.7828476206));
#691 = DIRECTION('',(0.984863348607,0.,0.173332583698));
#692 = DIRECTION('',(-0.173332583698,0.,0.984863348607));
#693 = DEFINITIONAL_REPRESENTATION('',(#694),#698);
#694 = LINE('',#695,#696);
#695 = CARTESIAN_POINT('',(87.9375,2.));
#696 = VECTOR('',#697,1.);
#697 = DIRECTION('',(1.,-0.));
#698 = ( GEOMETRIC_REPRESENTATION_CONTEXT(2) 
PARAMETRIC_REPRESENTATION_CONTEXT() REPRESENTATION_CONTEXT('2D SPACE',''
  ) );
#699 = ORIENTED_EDGE('',*,*,#700,.F.);
#700 = EDGE_CURVE('',#701,#673,#703,.T.);
#701 = VERTEX_POINT('',#702);
#702 = CARTESIAN_POINT('',(28.989716858376,0.,-212.3138583358));
#703 = SURFACE_CURVE('',#704,(#708,#715),.PCURVE_S1.);
#704 = LINE('',#705,#706);
#705 = CARTESIAN_POINT('',(33.052278171378,0.,-211.5988614281));
#706 = VECTOR('',#707,1.);
#707 = DIRECTION('',(0.984863348607,-0.,0.173332583698));
#708 = PCURVE('',#144,#709);
#709 = DEFINITIONAL_REPRESENTATION('',(#710),#714);
#710 = LINE('',#711,#712);
#711 = CARTESIAN_POINT('',(-33.05227817137,-211.5988614281));
#712 = VECTOR('',#713,1.);
#713 = DIRECTION('',(-0.984863348607,0.173332583698));
#714 = ( GEOMETRIC_REPRESENTATION_CONTEXT(2) 
PARAMETRIC_REPRESENTATION_CONTEXT() REPRESENTATION_CONTEXT('2D SPACE',''
  ) );
#715 = PCURVE('',#716,#721);
#716 = PLANE('',#717);
#717 = AXIS2_PLACEMENT_3D('',#718,#719,#720);
#718 = CARTESIAN_POINT('',(28.989716858376,2.,-212.3138583358));
#719 = DIRECTION('',(0.173332583698,0.,-0.984863348607));
#720 = DIRECTION('',(-0.984863348607,0.,-0.173332583698));
#721 = DEFINITIONAL_REPRESENTATION('',(#722),#726);
#722 = LINE('',#723,#724);
#723 = CARTESIAN_POINT('',(-4.125,-2.));
#724 = VECTOR('',#725,1.);
#725 = DIRECTION('',(-1.,0.));
#726 = ( GEOMETRIC_REPRESENTATION_CONTEXT(2) 
PARAMETRIC_REPRESENTATION_CONTEXT() REPRESENTATION_CONTEXT('2D SPACE',''
  ) );
#727 = ORIENTED_EDGE('',*,*,#728,.T.);
#728 = EDGE_CURVE('',#701,#729,#731,.T.);
#729 = VERTEX_POINT('',#730);
#730 = CARTESIAN_POINT('',(24.473386669574,0.,-186.6523930865));
#731 = SURFACE_CURVE('',#732,(#736,#743),.PCURVE_S1.);
#732 = LINE('',#733,#734);
#733 = CARTESIAN_POINT('',(7.117311452958,0.,-88.03641453359));
#734 = VECTOR('',#735,1.);
#735 = DIRECTION('',(-0.173332583698,-0.,0.984863348607));
#736 = PCURVE('',#144,#737);
#737 = DEFINITIONAL_REPRESENTATION('',(#738),#742);
#738 = LINE('',#739,#740);
#739 = CARTESIAN_POINT('',(-7.117311452958,-88.03641453359));
#740 = VECTOR('',#741,1.);
#741 = DIRECTION('',(0.173332583698,0.984863348607));
#742 = ( GEOMETRIC_REPRESENTATION_CONTEXT(2) 
PARAMETRIC_REPRESENTATION_CONTEXT() REPRESENTATION_CONTEXT('2D SPACE',''
  ) );
#743 = PCURVE('',#744,#749);
#744 = PLANE('',#745);
#745 = AXIS2_PLACEMENT_3D('',#746,#747,#748);
#746 = CARTESIAN_POINT('',(22.359745531919,2.,-174.6428352516));
#747 = DIRECTION('',(0.984863348607,0.,0.173332583698));
#748 = DIRECTION('',(-0.173332583698,0.,0.984863348607));
#749 = DEFINITIONAL_REPRESENTATION('',(#750),#754);
#750 = LINE('',#751,#752);
#751 = CARTESIAN_POINT('',(87.9375,2.));
#752 = VECTOR('',#753,1.);
#753 = DIRECTION('',(1.,-0.));
#754 = ( GEOMETRIC_REPRESENTATION_CONTEXT(2) 
PARAMETRIC_REPRESENTATION_CONTEXT() REPRESENTATION_CONTEXT('2D SPACE',''
  ) );
#755 = ORIENTED_EDGE('',*,*,#756,.F.);
#756 = EDGE_CURVE('',#757,#729,#759,.T.);
#757 = VERTEX_POINT('',#758);
#758 = CARTESIAN_POINT('',(8.255381102981,0.,-188.0689000947));
#759 = SURFACE_CURVE('',#760,(#765,#776),.PCURVE_S1.);
#760 = CIRCLE('',#761,188.25);
#761 = AXIS2_PLACEMENT_3D('',#762,#763,#764);
#762 = CARTESIAN_POINT('',(0.,0.,0.));
#763 = DIRECTION('',(0.,-1.,0.));
#764 = DIRECTION('',(1.,0.,0.));
#765 = PCURVE('',#144,#766);
#766 = DEFINITIONAL_REPRESENTATION('',(#767),#775);
#767 = ( BOUNDED_CURVE() B_SPLINE_CURVE(2,(#768,#769,#770,#771,#772,#773
,#774),.UNSPECIFIED.,.T.,.F.) B_SPLINE_CURVE_WITH_KNOTS((1,2,2,2,2,1),(
    -2.094395102393,0.,2.094395102393,4.188790204786,6.28318530718,
8.377580409573),.UNSPECIFIED.) CURVE() GEOMETRIC_REPRESENTATION_ITEM() 
RATIONAL_B_SPLINE_CURVE((1.,0.5,1.,0.5,1.,0.5,1.)) REPRESENTATION_ITEM(
  '') );
#768 = CARTESIAN_POINT('',(-188.25,8.899100073804E-15));
#769 = CARTESIAN_POINT('',(-188.25,326.05856452484));
#770 = CARTESIAN_POINT('',(94.125,163.02928226242));
#771 = CARTESIAN_POINT('',(376.5,5.50070520617E-14));
#772 = CARTESIAN_POINT('',(94.125,-163.0292822624));
#773 = CARTESIAN_POINT('',(-188.25,-326.0585645248));
#774 = CARTESIAN_POINT('',(-188.25,8.899100073804E-15));
#775 = ( GEOMETRIC_REPRESENTATION_CONTEXT(2) 
PARAMETRIC_REPRESENTATION_CONTEXT() REPRESENTATION_CONTEXT('2D SPACE',''
  ) );
#776 = PCURVE('',#660,#777);
#777 = DEFINITIONAL_REPRESENTATION('',(#778),#782);
#778 = LINE('',#779,#780);
#779 = CARTESIAN_POINT('',(0.,0.));
#780 = VECTOR('',#781,1.);
#781 = DIRECTION('',(1.,0.));
#782 = ( GEOMETRIC_REPRESENTATION_CONTEXT(2) 
PARAMETRIC_REPRESENTATION_CONTEXT() REPRESENTATION_CONTEXT('2D SPACE',''
  ) );
#783 = ORIENTED_EDGE('',*,*,#784,.F.);
#784 = EDGE_CURVE('',#785,#757,#787,.T.);
#785 = VERTEX_POINT('',#786);
#786 = CARTESIAN_POINT('',(8.256126623362,0.,-214.1247638601));
#787 = SURFACE_CURVE('',#788,(#792,#799),.PCURVE_S1.);
#788 = LINE('',#789,#790);
#789 = CARTESIAN_POINT('',(8.252516098147,0.,-87.93726391183));
#790 = VECTOR('',#791,1.);
#791 = DIRECTION('',(-2.861238407126E-05,-0.,0.999999999591));
#792 = PCURVE('',#144,#793);
#793 = DEFINITIONAL_REPRESENTATION('',(#794),#798);
#794 = LINE('',#795,#796);
#795 = CARTESIAN_POINT('',(-8.252516098147,-87.93726391183));
#796 = VECTOR('',#797,1.);
#797 = DIRECTION('',(2.861238407126E-05,0.999999999591));
#798 = ( GEOMETRIC_REPRESENTATION_CONTEXT(2) 
PARAMETRIC_REPRESENTATION_CONTEXT() REPRESENTATION_CONTEXT('2D SPACE',''
  ) );
#799 = PCURVE('',#800,#805);
#800 = PLANE('',#801);
#801 = AXIS2_PLACEMENT_3D('',#802,#803,#804);
#802 = CARTESIAN_POINT('',(8.255032199672,2.,-175.8747638758));
#803 = DIRECTION('',(0.999999999591,0.,2.861238407126E-05));
#804 = DIRECTION('',(-2.861238407126E-05,0.,0.999999999591));
#805 = DEFINITIONAL_REPRESENTATION('',(#806),#810);
#806 = LINE('',#807,#808);
#807 = CARTESIAN_POINT('',(87.9375,2.));
#808 = VECTOR('',#809,1.);
#809 = DIRECTION('',(1.,-0.));
#810 = ( GEOMETRIC_REPRESENTATION_CONTEXT(2) 
PARAMETRIC_REPRESENTATION_CONTEXT() REPRESENTATION_CONTEXT('2D SPACE',''
  ) );
#811 = ORIENTED_EDGE('',*,*,#812,.F.);
#812 = EDGE_CURVE('',#813,#785,#815,.T.);
#813 = VERTEX_POINT('',#814);
#814 = CARTESIAN_POINT('',(-8.243873369884,0.,-214.1252359645));
#815 = SURFACE_CURVE('',#816,(#820,#827),.PCURVE_S1.);
#816 = LINE('',#817,#818);
#817 = CARTESIAN_POINT('',(-4.118873371572,0.,-214.1251179384));
#818 = VECTOR('',#819,1.);
#819 = DIRECTION('',(0.999999999591,-0.,2.861238407126E-05));
#820 = PCURVE('',#144,#821);
#821 = DEFINITIONAL_REPRESENTATION('',(#822),#826);
#822 = LINE('',#823,#824);
#823 = CARTESIAN_POINT('',(4.118873371572,-214.1251179384));
#824 = VECTOR('',#825,1.);
#825 = DIRECTION('',(-0.999999999591,2.861238407126E-05));
#826 = ( GEOMETRIC_REPRESENTATION_CONTEXT(2) 
PARAMETRIC_REPRESENTATION_CONTEXT() REPRESENTATION_CONTEXT('2D SPACE',''
  ) );
#827 = PCURVE('',#828,#833);
#828 = PLANE('',#829);
#829 = AXIS2_PLACEMENT_3D('',#830,#831,#832);
#830 = CARTESIAN_POINT('',(-8.243873369884,2.,-214.1252359645));
#831 = DIRECTION('',(2.861238407126E-05,0.,-0.999999999591));
#832 = DIRECTION('',(-0.999999999591,0.,-2.861238407126E-05));
#833 = DEFINITIONAL_REPRESENTATION('',(#834),#838);
#834 = LINE('',#835,#836);
#835 = CARTESIAN_POINT('',(-4.125,-2.));
#836 = VECTOR('',#837,1.);
#837 = DIRECTION('',(-1.,0.));
#838 = ( GEOMETRIC_REPRESENTATION_CONTEXT(2) 
PARAMETRIC_REPRESENTATION_CONTEXT() REPRESENTATION_CONTEXT('2D SPACE',''
  ) );
#839 = ORIENTED_EDGE('',*,*,#840,.T.);
#840 = EDGE_CURVE('',#813,#841,#843,.T.);
#841 = VERTEX_POINT('',#842);
#842 = CARTESIAN_POINT('',(-8.244618890266,0.,-188.069372199));
#843 = SURFACE_CURVE('',#844,(#848,#855),.PCURVE_S1.);
#844 = LINE('',#845,#846);
#845 = CARTESIAN_POINT('',(-8.247483895099,0.,-87.93773601617));
#846 = VECTOR('',#847,1.);
#847 = DIRECTION('',(-2.861238407126E-05,-0.,0.999999999591));
#848 = PCURVE('',#144,#849);
#849 = DEFINITIONAL_REPRESENTATION('',(#850),#854);
#850 = LINE('',#851,#852);
#851 = CARTESIAN_POINT('',(8.247483895099,-87.93773601617));
#852 = VECTOR('',#853,1.);
#853 = DIRECTION('',(2.861238407126E-05,0.999999999591));
#854 = ( GEOMETRIC_REPRESENTATION_CONTEXT(2) 
PARAMETRIC_REPRESENTATION_CONTEXT() REPRESENTATION_CONTEXT('2D SPACE',''
  ) );
#855 = PCURVE('',#856,#861);
#856 = PLANE('',#857);
#857 = AXIS2_PLACEMENT_3D('',#858,#859,#860);
#858 = CARTESIAN_POINT('',(-8.244967793574,2.,-175.8752359801));
#859 = DIRECTION('',(0.999999999591,0.,2.861238407126E-05));
#860 = DIRECTION('',(-2.861238407126E-05,0.,0.999999999591));
#861 = DEFINITIONAL_REPRESENTATION('',(#862),#866);
#862 = LINE('',#863,#864);
#863 = CARTESIAN_POINT('',(87.9375,2.));
#864 = VECTOR('',#865,1.);
#865 = DIRECTION('',(1.,-0.));
#866 = ( GEOMETRIC_REPRESENTATION_CONTEXT(2) 
PARAMETRIC_REPRESENTATION_CONTEXT() REPRESENTATION_CONTEXT('2D SPACE',''
  ) );
#867 = ORIENTED_EDGE('',*,*,#868,.F.);
#868 = EDGE_CURVE('',#869,#841,#871,.T.);
#869 = VERTEX_POINT('',#870);
#870 = CARTESIAN_POINT('',(-101.1648999418,0.,-158.7568125144));
#871 = SURFACE_CURVE('',#872,(#877,#888),.PCURVE_S1.);
#872 = CIRCLE('',#873,188.25);
#873 = AXIS2_PLACEMENT_3D('',#874,#875,#876);
#874 = CARTESIAN_POINT('',(0.,0.,0.));
#875 = DIRECTION('',(0.,-1.,0.));
#876 = DIRECTION('',(1.,0.,0.));
#877 = PCURVE('',#144,#878);
#878 = DEFINITIONAL_REPRESENTATION('',(#879),#887);
#879 = ( BOUNDED_CURVE() B_SPLINE_CURVE(2,(#880,#881,#882,#883,#884,#885
,#886),.UNSPECIFIED.,.T.,.F.) B_SPLINE_CURVE_WITH_KNOTS((1,2,2,2,2,1),(
    -2.094395102393,0.,2.094395102393,4.188790204786,6.28318530718,
8.377580409573),.UNSPECIFIED.) CURVE() GEOMETRIC_REPRESENTATION_ITEM() 
RATIONAL_B_SPLINE_CURVE((1.,0.5,1.,0.5,1.,0.5,1.)) REPRESENTATION_ITEM(
  '') );
#880 = CARTESIAN_POINT('',(-188.25,8.899100073804E-15));
#881 = CARTESIAN_POINT('',(-188.25,326.05856452484));
#882 = CARTESIAN_POINT('',(94.125,163.02928226242));
#883 = CARTESIAN_POINT('',(376.5,5.50070520617E-14));
#884 = CARTESIAN_POINT('',(94.125,-163.0292822624));
#885 = CARTESIAN_POINT('',(-188.25,-326.0585645248));
#886 = CARTESIAN_POINT('',(-188.25,8.899100073804E-15));
#887 = ( GEOMETRIC_REPRESENTATION_CONTEXT(2) 
PARAMETRIC_REPRESENTATION_CONTEXT() REPRESENTATION_CONTEXT('2D SPACE',''
  ) );
#888 = PCURVE('',#660,#889);
#889 = DEFINITIONAL_REPRESENTATION('',(#890),#894);
#890 = LINE('',#891,#892);
#891 = CARTESIAN_POINT('',(0.,0.));
#892 = VECTOR('',#893,1.);
#893 = DIRECTION('',(1.,0.));
#894 = ( GEOMETRIC_REPRESENTATION_CONTEXT(2) 
PARAMETRIC_REPRESENTATION_CONTEXT() REPRESENTATION_CONTEXT('2D SPACE',''
  ) );
#895 = ORIENTED_EDGE('',*,*,#896,.F.);
#896 = EDGE_CURVE('',#897,#869,#899,.T.);
#897 = VERTEX_POINT('',#898);
#898 = CARTESIAN_POINT('',(-116.1167683323,0.,-180.09573631));
#899 = SURFACE_CURVE('',#900,(#904,#911),.PCURVE_S1.);
#900 = LINE('',#901,#902);
#901 = CARTESIAN_POINT('',(-43.70547125421,0.,-76.75218686589));
#902 = VECTOR('',#903,1.);
#903 = DIRECTION('',(0.573838907008,-0.,0.818968197675));
#904 = PCURVE('',#144,#905);
#905 = DEFINITIONAL_REPRESENTATION('',(#906),#910);
#906 = LINE('',#907,#908);
#907 = CARTESIAN_POINT('',(43.705471254211,-76.75218686589));
#908 = VECTOR('',#909,1.);
#909 = DIRECTION('',(-0.573838907008,0.818968197675));
#910 = ( GEOMETRIC_REPRESENTATION_CONTEXT(2) 
PARAMETRIC_REPRESENTATION_CONTEXT() REPRESENTATION_CONTEXT('2D SPACE',''
  ) );
#911 = PCURVE('',#912,#917);
#912 = PLANE('',#913);
#913 = AXIS2_PLACEMENT_3D('',#914,#915,#916);
#914 = CARTESIAN_POINT('',(-94.16743013924,2.,-148.7702027489));
#915 = DIRECTION('',(0.818968197675,0.,-0.573838907008));
#916 = DIRECTION('',(0.573838907008,0.,0.818968197675));
#917 = DEFINITIONAL_REPRESENTATION('',(#918),#922);
#918 = LINE('',#919,#920);
#919 = CARTESIAN_POINT('',(87.9375,2.));
#920 = VECTOR('',#921,1.);
#921 = DIRECTION('',(1.,-0.));
#922 = ( GEOMETRIC_REPRESENTATION_CONTEXT(2) 
PARAMETRIC_REPRESENTATION_CONTEXT() REPRESENTATION_CONTEXT('2D SPACE',''
  ) );
#923 = ORIENTED_EDGE('',*,*,#924,.F.);
#924 = EDGE_CURVE('',#925,#897,#927,.T.);
#925 = VERTEX_POINT('',#926);
#926 = CARTESIAN_POINT('',(-129.6297435939,0.,-170.6273943444));
#927 = SURFACE_CURVE('',#928,(#932,#939),.PCURVE_S1.);
#928 = LINE('',#929,#930);
#929 = CARTESIAN_POINT('',(-126.2514997785,0.,-172.9944798358));
#930 = VECTOR('',#931,1.);
#931 = DIRECTION('',(0.818968197675,-0.,-0.573838907008));
#932 = PCURVE('',#144,#933);
#933 = DEFINITIONAL_REPRESENTATION('',(#934),#938);
#934 = LINE('',#935,#936);
#935 = CARTESIAN_POINT('',(126.25149977853,-172.9944798358));
#936 = VECTOR('',#937,1.);
#937 = DIRECTION('',(-0.818968197675,-0.573838907008));
#938 = ( GEOMETRIC_REPRESENTATION_CONTEXT(2) 
PARAMETRIC_REPRESENTATION_CONTEXT() REPRESENTATION_CONTEXT('2D SPACE',''
  ) );
#939 = PCURVE('',#940,#945);
#940 = PLANE('',#941);
#941 = AXIS2_PLACEMENT_3D('',#942,#943,#944);
#942 = CARTESIAN_POINT('',(-129.6297435939,2.,-170.6273943444));
#943 = DIRECTION('',(-0.573838907008,0.,-0.818968197675));
#944 = DIRECTION('',(-0.818968197675,0.,0.573838907008));
#945 = DEFINITIONAL_REPRESENTATION('',(#946),#950);
#946 = LINE('',#947,#948);
#947 = CARTESIAN_POINT('',(-4.125,-2.));
#948 = VECTOR('',#949,1.);
#949 = DIRECTION('',(-1.,0.));
#950 = ( GEOMETRIC_REPRESENTATION_CONTEXT(2) 
PARAMETRIC_REPRESENTATION_CONTEXT() REPRESENTATION_CONTEXT('2D SPACE',''
  ) );
#951 = ORIENTED_EDGE('',*,*,#952,.T.);
#952 = EDGE_CURVE('',#925,#953,#955,.T.);
#953 = VERTEX_POINT('',#954);
#954 = CARTESIAN_POINT('',(-107.6804054008,0.,-139.3018607833));
#955 = SURFACE_CURVE('',#956,(#960,#967),.PCURVE_S1.);
#956 = LINE('',#957,#958);
#957 = CARTESIAN_POINT('',(-57.21844651585,0.,-67.28384490026));
#958 = VECTOR('',#959,1.);
#959 = DIRECTION('',(0.573838907008,-0.,0.818968197675));
#960 = PCURVE('',#144,#961);
#961 = DEFINITIONAL_REPRESENTATION('',(#962),#966);
#962 = LINE('',#963,#964);
#963 = CARTESIAN_POINT('',(57.218446515854,-67.28384490026));
#964 = VECTOR('',#965,1.);
#965 = DIRECTION('',(-0.573838907008,0.818968197675));
#966 = ( GEOMETRIC_REPRESENTATION_CONTEXT(2) 
PARAMETRIC_REPRESENTATION_CONTEXT() REPRESENTATION_CONTEXT('2D SPACE',''
  ) );
#967 = PCURVE('',#968,#973);
#968 = PLANE('',#969);
#969 = AXIS2_PLACEMENT_3D('',#970,#971,#972);
#970 = CARTESIAN_POINT('',(-107.6804054008,2.,-139.3018607833));
#971 = DIRECTION('',(0.818968197675,0.,-0.573838907008));
#972 = DIRECTION('',(0.573838907008,0.,0.818968197675));
#973 = DEFINITIONAL_REPRESENTATION('',(#974),#978);
#974 = LINE('',#975,#976);
#975 = CARTESIAN_POINT('',(87.9375,2.));
#976 = VECTOR('',#977,1.);
#977 = DIRECTION('',(1.,-0.));
#978 = ( GEOMETRIC_REPRESENTATION_CONTEXT(2) 
PARAMETRIC_REPRESENTATION_CONTEXT() REPRESENTATION_CONTEXT('2D SPACE',''
  ) );
#979 = ORIENTED_EDGE('',*,*,#980,.T.);
#980 = EDGE_CURVE('',#953,#355,#981,.T.);
#981 = SURFACE_CURVE('',#982,(#986,#993),.PCURVE_S1.);
#982 = LINE('',#983,#984);
#983 = CARTESIAN_POINT('',(-104.3021615854,0.,-141.6689462747));
#984 = VECTOR('',#985,1.);
#985 = DIRECTION('',(0.818968197675,-0.,-0.573838907008));
#986 = PCURVE('',#144,#987);
#987 = DEFINITIONAL_REPRESENTATION('',(#988),#992);
#988 = LINE('',#989,#990);
#989 = CARTESIAN_POINT('',(104.30216158547,-141.6689462747));
#990 = VECTOR('',#991,1.);
#991 = DIRECTION('',(-0.818968197675,-0.573838907008));
#992 = ( GEOMETRIC_REPRESENTATION_CONTEXT(2) 
PARAMETRIC_REPRESENTATION_CONTEXT() REPRESENTATION_CONTEXT('2D SPACE',''
  ) );
#993 = PCURVE('',#994,#999);
#994 = PLANE('',#995);
#995 = AXIS2_PLACEMENT_3D('',#996,#997,#998);
#996 = CARTESIAN_POINT('',(-107.6804054008,2.,-139.3018607833));
#997 = DIRECTION('',(-0.573838907008,0.,-0.818968197675));
#998 = DIRECTION('',(-0.818968197675,0.,0.573838907008));
#999 = DEFINITIONAL_REPRESENTATION('',(#1000),#1004);
#1000 = LINE('',#1001,#1002);
#1001 = CARTESIAN_POINT('',(-4.125,-2.));
#1002 = VECTOR('',#1003,1.);
#1003 = DIRECTION('',(-1.,0.));
#1004 = ( GEOMETRIC_REPRESENTATION_CONTEXT(2) 
PARAMETRIC_REPRESENTATION_CONTEXT() REPRESENTATION_CONTEXT('2D SPACE',''
  ) );
#1005 = FACE_BOUND('',#1006,.T.);
#1006 = EDGE_LOOP('',(#1007));
#1007 = ORIENTED_EDGE('',*,*,#1008,.T.);
#1008 = EDGE_CURVE('',#1009,#1009,#1011,.T.);
#1009 = VERTEX_POINT('',#1010);
#1010 = CARTESIAN_POINT('',(-88.58341965635,0.,-135.1297526164));
#1011 = SURFACE_CURVE('',#1012,(#1017,#1024),.PCURVE_S1.);
#1012 = CIRCLE('',#1013,6.1);
#1013 = AXIS2_PLACEMENT_3D('',#1014,#1015,#1016);
#1014 = CARTESIAN_POINT('',(-94.68341965635,0.,-135.1297526164));
#1015 = DIRECTION('',(0.,1.,0.));
#1016 = DIRECTION('',(1.,-0.,-0.));
#1017 = PCURVE('',#144,#1018);
#1018 = DEFINITIONAL_REPRESENTATION('',(#1019),#1023);
#1019 = CIRCLE('',#1020,6.1);
#1020 = AXIS2_PLACEMENT_2D('',#1021,#1022);
#1021 = CARTESIAN_POINT('',(94.683419656351,-135.1297526164));
#1022 = DIRECTION('',(-1.,0.));
#1023 = ( GEOMETRIC_REPRESENTATION_CONTEXT(2) 
PARAMETRIC_REPRESENTATION_CONTEXT() REPRESENTATION_CONTEXT('2D SPACE',''
  ) );
#1024 = PCURVE('',#1025,#1030);
#1025 = CYLINDRICAL_SURFACE('',#1026,6.1);
#1026 = AXIS2_PLACEMENT_3D('',#1027,#1028,#1029);
#1027 = CARTESIAN_POINT('',(-94.68341965635,16.,-135.1297526164));
#1028 = DIRECTION('',(-0.,-1.,0.));
#1029 = DIRECTION('',(1.,0.,0.));
#1030 = DEFINITIONAL_REPRESENTATION('',(#1031),#1035);
#1031 = LINE('',#1032,#1033);
#1032 = CARTESIAN_POINT('',(-0.,16.));
#1033 = VECTOR('',#1034,1.);
#1034 = DIRECTION('',(-1.,0.));
#1035 = ( GEOMETRIC_REPRESENTATION_CONTEXT(2) 
PARAMETRIC_REPRESENTATION_CONTEXT() REPRESENTATION_CONTEXT('2D SPACE',''
  ) );
#1036 = FACE_BOUND('',#1037,.T.);
#1037 = EDGE_LOOP('',(#1038));
#1038 = ORIENTED_EDGE('',*,*,#1039,.T.);
#1039 = EDGE_CURVE('',#1040,#1040,#1042,.T.);
#1040 = VERTEX_POINT('',#1041);
#1041 = CARTESIAN_POINT('',(6.104721043372,0.,-164.9999999324));
#1042 = SURFACE_CURVE('',#1043,(#1048,#1055),.PCURVE_S1.);
#1043 = CIRCLE('',#1044,6.1);
#1044 = AXIS2_PLACEMENT_3D('',#1045,#1046,#1047);
#1045 = CARTESIAN_POINT('',(4.721043371761E-03,0.,-164.9999999324));
#1046 = DIRECTION('',(0.,1.,0.));
#1047 = DIRECTION('',(1.,-0.,-0.));
#1048 = PCURVE('',#144,#1049);
#1049 = DEFINITIONAL_REPRESENTATION('',(#1050),#1054);
#1050 = CIRCLE('',#1051,6.1);
#1051 = AXIS2_PLACEMENT_2D('',#1052,#1053);
#1052 = CARTESIAN_POINT('',(-4.72104337178E-03,-164.9999999324));
#1053 = DIRECTION('',(-1.,0.));
#1054 = ( GEOMETRIC_REPRESENTATION_CONTEXT(2) 
PARAMETRIC_REPRESENTATION_CONTEXT() REPRESENTATION_CONTEXT('2D SPACE',''
  ) );
#1055 = PCURVE('',#1056,#1061);
#1056 = CYLINDRICAL_SURFACE('',#1057,6.1);
#1057 = AXIS2_PLACEMENT_3D('',#1058,#1059,#1060);
#1058 = CARTESIAN_POINT('',(4.721043371761E-03,16.,-164.9999999324));
#1059 = DIRECTION('',(-0.,-1.,0.));
#1060 = DIRECTION('',(1.,0.,0.));
#1061 = DEFINITIONAL_REPRESENTATION('',(#1062),#1066);
#1062 = LINE('',#1063,#1064);
#1063 = CARTESIAN_POINT('',(-0.,16.));
#1064 = VECTOR('',#1065,1.);
#1065 = DIRECTION('',(-1.,0.));
#1066 = ( GEOMETRIC_REPRESENTATION_CONTEXT(2) 
PARAMETRIC_REPRESENTATION_CONTEXT() REPRESENTATION_CONTEXT('2D SPACE',''
  ) );
#1067 = FACE_BOUND('',#1068,.T.);
#1068 = EDGE_LOOP('',(#1069));
#1069 = ORIENTED_EDGE('',*,*,#1070,.T.);
#1070 = EDGE_CURVE('',#1071,#1071,#1073,.T.);
#1071 = VERTEX_POINT('',#1072);
#1072 = CARTESIAN_POINT('',(34.699876310205,0.,-162.50245252));
#1073 = SURFACE_CURVE('',#1074,(#1079,#1086),.PCURVE_S1.);
#1074 = CIRCLE('',#1075,6.1);
#1075 = AXIS2_PLACEMENT_3D('',#1076,#1077,#1078);
#1076 = CARTESIAN_POINT('',(28.599876310205,0.,-162.50245252));
#1077 = DIRECTION('',(0.,1.,0.));
#1078 = DIRECTION('',(1.,-0.,-0.));
#1079 = PCURVE('',#144,#1080);
#1080 = DEFINITIONAL_REPRESENTATION('',(#1081),#1085);
#1081 = CIRCLE('',#1082,6.1);
#1082 = AXIS2_PLACEMENT_2D('',#1083,#1084);
#1083 = CARTESIAN_POINT('',(-28.5998763102,-162.50245252));
#1084 = DIRECTION('',(-1.,0.));
#1085 = ( GEOMETRIC_REPRESENTATION_CONTEXT(2) 
PARAMETRIC_REPRESENTATION_CONTEXT() REPRESENTATION_CONTEXT('2D SPACE',''
  ) );
#1086 = PCURVE('',#1087,#1092);
#1087 = CYLINDRICAL_SURFACE('',#1088,6.1);
#1088 = AXIS2_PLACEMENT_3D('',#1089,#1090,#1091);
#1089 = CARTESIAN_POINT('',(28.599876310205,16.,-162.50245252));
#1090 = DIRECTION('',(-0.,-1.,0.));
#1091 = DIRECTION('',(1.,0.,0.));
#1092 = DEFINITIONAL_REPRESENTATION('',(#1093),#1097);
#1093 = LINE('',#1094,#1095);
#1094 = CARTESIAN_POINT('',(-0.,16.));
#1095 = VECTOR('',#1096,1.);
#1096 = DIRECTION('',(-1.,0.));
#1097 = ( GEOMETRIC_REPRESENTATION_CONTEXT(2) 
PARAMETRIC_REPRESENTATION_CONTEXT() REPRESENTATION_CONTEXT('2D SPACE',''
  ) );
#1098 = FACE_BOUND('',#1099,.T.);
#1099 = EDGE_LOOP('',(#1100));
#1100 = ORIENTED_EDGE('',*,*,#1101,.T.);
#1101 = EDGE_CURVE('',#1102,#1102,#1104,.T.);
#1102 = VERTEX_POINT('',#1103);
#1103 = CARTESIAN_POINT('',(76.409964121188,0.,-149.2699197604));
#1104 = SURFACE_CURVE('',#1105,(#1110,#1117),.PCURVE_S1.);
#1105 = CIRCLE('',#1106,6.1);
#1106 = AXIS2_PLACEMENT_3D('',#1107,#1108,#1109);
#1107 = CARTESIAN_POINT('',(70.309964121188,0.,-149.2699197604));
#1108 = DIRECTION('',(0.,1.,0.));
#1109 = DIRECTION('',(1.,-0.,-0.));
#1110 = PCURVE('',#144,#1111);
#1111 = DEFINITIONAL_REPRESENTATION('',(#1112),#1116);
#1112 = CIRCLE('',#1113,6.1);
#1113 = AXIS2_PLACEMENT_2D('',#1114,#1115);
#1114 = CARTESIAN_POINT('',(-70.30996412118,-149.2699197604));
#1115 = DIRECTION('',(-1.,0.));
#1116 = ( GEOMETRIC_REPRESENTATION_CONTEXT(2) 
PARAMETRIC_REPRESENTATION_CONTEXT() REPRESENTATION_CONTEXT('2D SPACE',''
  ) );
#1117 = PCURVE('',#1118,#1123);
#1118 = CYLINDRICAL_SURFACE('',#1119,6.1);
#1119 = AXIS2_PLACEMENT_3D('',#1120,#1121,#1122);
#1120 = CARTESIAN_POINT('',(70.309964121188,16.,-149.2699197604));
#1121 = DIRECTION('',(-0.,-1.,0.));
#1122 = DIRECTION('',(1.,0.,0.));
#1123 = DEFINITIONAL_REPRESENTATION('',(#1124),#1128);
#1124 = LINE('',#1125,#1126);
#1125 = CARTESIAN_POINT('',(-0.,16.));
#1126 = VECTOR('',#1127,1.);
#1127 = DIRECTION('',(-1.,0.));
#1128 = ( GEOMETRIC_REPRESENTATION_CONTEXT(2) 
PARAMETRIC_REPRESENTATION_CONTEXT() REPRESENTATION_CONTEXT('2D SPACE',''
  ) );
#1129 = FACE_BOUND('',#1130,.T.);
#1130 = EDGE_LOOP('',(#1131));
#1131 = ORIENTED_EDGE('',*,*,#1132,.T.);
#1132 = EDGE_CURVE('',#1133,#1133,#1135,.T.);
#1133 = VERTEX_POINT('',#1134);
#1134 = CARTESIAN_POINT('',(88.55420482578,0.,-142.920621698));
#1135 = SURFACE_CURVE('',#1136,(#1141,#1148),.PCURVE_S1.);
#1136 = CIRCLE('',#1137,6.1);
#1137 = AXIS2_PLACEMENT_3D('',#1138,#1139,#1140);
#1138 = CARTESIAN_POINT('',(82.45420482578,0.,-142.920621698));
#1139 = DIRECTION('',(0.,1.,0.));
#1140 = DIRECTION('',(1.,-0.,-0.));
#1141 = PCURVE('',#144,#1142);
#1142 = DEFINITIONAL_REPRESENTATION('',(#1143),#1147);
#1143 = CIRCLE('',#1144,6.1);
#1144 = AXIS2_PLACEMENT_2D('',#1145,#1146);
#1145 = CARTESIAN_POINT('',(-82.45420482578,-142.920621698));
#1146 = DIRECTION('',(-1.,0.));
#1147 = ( GEOMETRIC_REPRESENTATION_CONTEXT(2) 
PARAMETRIC_REPRESENTATION_CONTEXT() REPRESENTATION_CONTEXT('2D SPACE',''
  ) );
#1148 = PCURVE('',#1149,#1154);
#1149 = CYLINDRICAL_SURFACE('',#1150,6.1);
#1150 = AXIS2_PLACEMENT_3D('',#1151,#1152,#1153);
#1151 = CARTESIAN_POINT('',(82.45420482578,16.,-142.920621698));
#1152 = DIRECTION('',(-0.,-1.,0.));
#1153 = DIRECTION('',(1.,0.,0.));
#1154 = DEFINITIONAL_REPRESENTATION('',(#1155),#1159);
#1155 = LINE('',#1156,#1157);
#1156 = CARTESIAN_POINT('',(-0.,16.));
#1157 = VECTOR('',#1158,1.);
#1158 = DIRECTION('',(-1.,0.));
#1159 = ( GEOMETRIC_REPRESENTATION_CONTEXT(2) 
PARAMETRIC_REPRESENTATION_CONTEXT() REPRESENTATION_CONTEXT('2D SPACE',''
  ) );
#1160 = ADVANCED_FACE('',(#1161,#1187,#1213,#1309,#1335,#1361,#1387),#90
  ,.T.);
#1161 = FACE_BOUND('',#1162,.F.);
#1162 = EDGE_LOOP('',(#1163,#1164,#1165,#1186));
#1163 = ORIENTED_EDGE('',*,*,#74,.T.);
#1164 = ORIENTED_EDGE('',*,*,#246,.T.);
#1165 = ORIENTED_EDGE('',*,*,#1166,.T.);
#1166 = EDGE_CURVE('',#247,#161,#1167,.T.);
#1167 = SURFACE_CURVE('',#1168,(#1172,#1179),.PCURVE_S1.);
#1168 = LINE('',#1169,#1170);
#1169 = CARTESIAN_POINT('',(174.40688876154,8.,-223.3781483326));
#1170 = VECTOR('',#1171,1.);
#1171 = DIRECTION('',(-0.615408922941,0.,0.788208003997));
#1172 = PCURVE('',#90,#1173);
#1173 = DEFINITIONAL_REPRESENTATION('',(#1174),#1178);
#1174 = LINE('',#1175,#1176);
#1175 = CARTESIAN_POINT('',(-174.4068887615,-223.3781483326));
#1176 = VECTOR('',#1177,1.);
#1177 = DIRECTION('',(0.615408922941,0.788208003997));
#1178 = ( GEOMETRIC_REPRESENTATION_CONTEXT(2) 
PARAMETRIC_REPRESENTATION_CONTEXT() REPRESENTATION_CONTEXT('2D SPACE',''
  ) );
#1179 = PCURVE('',#204,#1180);
#1180 = DEFINITIONAL_REPRESENTATION('',(#1181),#1185);
#1181 = LINE('',#1182,#1183);
#1182 = CARTESIAN_POINT('',(65.4,-8.));
#1183 = VECTOR('',#1184,1.);
#1184 = DIRECTION('',(-1.,-0.));
#1185 = ( GEOMETRIC_REPRESENTATION_CONTEXT(2) 
PARAMETRIC_REPRESENTATION_CONTEXT() REPRESENTATION_CONTEXT('2D SPACE',''
  ) );
#1186 = ORIENTED_EDGE('',*,*,#160,.F.);
#1187 = FACE_BOUND('',#1188,.F.);
#1188 = EDGE_LOOP('',(#1189));
#1189 = ORIENTED_EDGE('',*,*,#1190,.T.);
#1190 = EDGE_CURVE('',#1191,#1191,#1193,.T.);
#1191 = VERTEX_POINT('',#1192);
#1192 = CARTESIAN_POINT('',(6.104721043372,8.,-164.9999999324));
#1193 = SURFACE_CURVE('',#1194,(#1199,#1206),.PCURVE_S1.);
#1194 = CIRCLE('',#1195,6.1);
#1195 = AXIS2_PLACEMENT_3D('',#1196,#1197,#1198);
#1196 = CARTESIAN_POINT('',(4.721043371761E-03,8.,-164.9999999324));
#1197 = DIRECTION('',(0.,1.,0.));
#1198 = DIRECTION('',(1.,-0.,-0.));
#1199 = PCURVE('',#90,#1200);
#1200 = DEFINITIONAL_REPRESENTATION('',(#1201),#1205);
#1201 = CIRCLE('',#1202,6.1);
#1202 = AXIS2_PLACEMENT_2D('',#1203,#1204);
#1203 = CARTESIAN_POINT('',(-4.72104337178E-03,-164.9999999324));
#1204 = DIRECTION('',(-1.,0.));
#1205 = ( GEOMETRIC_REPRESENTATION_CONTEXT(2) 
PARAMETRIC_REPRESENTATION_CONTEXT() REPRESENTATION_CONTEXT('2D SPACE',''
  ) );
#1206 = PCURVE('',#1056,#1207);
#1207 = DEFINITIONAL_REPRESENTATION('',(#1208),#1212);
#1208 = LINE('',#1209,#1210);
#1209 = CARTESIAN_POINT('',(-0.,8.));
#1210 = VECTOR('',#1211,1.);
#1211 = DIRECTION('',(-1.,0.));
#1212 = ( GEOMETRIC_REPRESENTATION_CONTEXT(2) 
PARAMETRIC_REPRESENTATION_CONTEXT() REPRESENTATION_CONTEXT('2D SPACE',''
  ) );
#1213 = FACE_BOUND('',#1214,.F.);
#1214 = EDGE_LOOP('',(#1215,#1241,#1264,#1288));
#1215 = ORIENTED_EDGE('',*,*,#1216,.T.);
#1216 = EDGE_CURVE('',#1217,#1219,#1221,.T.);
#1217 = VERTEX_POINT('',#1218);
#1218 = CARTESIAN_POINT('',(99.706137559748,8.,-159.6770134769));
#1219 = VERTEX_POINT('',#1220);
#1220 = CARTESIAN_POINT('',(-113.3398502692,8.,-150.3068223366));
#1221 = SURFACE_CURVE('',#1222,(#1227,#1234),.PCURVE_S1.);
#1222 = CIRCLE('',#1223,188.25);
#1223 = AXIS2_PLACEMENT_3D('',#1224,#1225,#1226);
#1224 = CARTESIAN_POINT('',(0.,8.,0.));
#1225 = DIRECTION('',(0.,1.,0.));
#1226 = DIRECTION('',(1.,-0.,-0.));
#1227 = PCURVE('',#90,#1228);
#1228 = DEFINITIONAL_REPRESENTATION('',(#1229),#1233);
#1229 = CIRCLE('',#1230,188.25);
#1230 = AXIS2_PLACEMENT_2D('',#1231,#1232);
#1231 = CARTESIAN_POINT('',(-1.926961507872E-14,8.899100073804E-15));
#1232 = DIRECTION('',(-1.,0.));
#1233 = ( GEOMETRIC_REPRESENTATION_CONTEXT(2) 
PARAMETRIC_REPRESENTATION_CONTEXT() REPRESENTATION_CONTEXT('2D SPACE',''
  ) );
#1234 = PCURVE('',#660,#1235);
#1235 = DEFINITIONAL_REPRESENTATION('',(#1236),#1240);
#1236 = LINE('',#1237,#1238);
#1237 = CARTESIAN_POINT('',(6.28318530718,-8.));
#1238 = VECTOR('',#1239,1.);
#1239 = DIRECTION('',(-1.,0.));
#1240 = ( GEOMETRIC_REPRESENTATION_CONTEXT(2) 
PARAMETRIC_REPRESENTATION_CONTEXT() REPRESENTATION_CONTEXT('2D SPACE',''
  ) );
#1241 = ORIENTED_EDGE('',*,*,#1242,.T.);
#1242 = EDGE_CURVE('',#1219,#1243,#1245,.T.);
#1243 = VERTEX_POINT('',#1244);
#1244 = CARTESIAN_POINT('',(-103.4056801261,8.,-137.1325191836));
#1245 = SURFACE_CURVE('',#1246,(#1250,#1257),.PCURVE_S1.);
#1246 = LINE('',#1247,#1248);
#1247 = CARTESIAN_POINT('',(-51.70284006305,8.,-68.56625959182));
#1248 = VECTOR('',#1249,1.);
#1249 = DIRECTION('',(0.602070917765,-0.,0.798442615334));
#1250 = PCURVE('',#90,#1251);
#1251 = DEFINITIONAL_REPRESENTATION('',(#1252),#1256);
#1252 = LINE('',#1253,#1254);
#1253 = CARTESIAN_POINT('',(51.702840063058,-68.56625959182));
#1254 = VECTOR('',#1255,1.);
#1255 = DIRECTION('',(-0.602070917765,0.798442615334));
#1256 = ( GEOMETRIC_REPRESENTATION_CONTEXT(2) 
PARAMETRIC_REPRESENTATION_CONTEXT() REPRESENTATION_CONTEXT('2D SPACE',''
  ) );
#1257 = PCURVE('',#370,#1258);
#1258 = DEFINITIONAL_REPRESENTATION('',(#1259),#1263);
#1259 = LINE('',#1260,#1261);
#1260 = CARTESIAN_POINT('',(85.875,-8.));
#1261 = VECTOR('',#1262,1.);
#1262 = DIRECTION('',(1.,-0.));
#1263 = ( GEOMETRIC_REPRESENTATION_CONTEXT(2) 
PARAMETRIC_REPRESENTATION_CONTEXT() REPRESENTATION_CONTEXT('2D SPACE',''
  ) );
#1264 = ORIENTED_EDGE('',*,*,#1265,.F.);
#1265 = EDGE_CURVE('',#1266,#1243,#1268,.T.);
#1266 = VERTEX_POINT('',#1267);
#1267 = CARTESIAN_POINT('',(90.966954187976,8.,-145.6814186702));
#1268 = SURFACE_CURVE('',#1269,(#1274,#1281),.PCURVE_S1.);
#1269 = CIRCLE('',#1270,171.75);
#1270 = AXIS2_PLACEMENT_3D('',#1271,#1272,#1273);
#1271 = CARTESIAN_POINT('',(0.,8.,0.));
#1272 = DIRECTION('',(0.,1.,0.));
#1273 = DIRECTION('',(1.,-0.,-0.));
#1274 = PCURVE('',#90,#1275);
#1275 = DEFINITIONAL_REPRESENTATION('',(#1276),#1280);
#1276 = CIRCLE('',#1277,171.75);
#1277 = AXIS2_PLACEMENT_2D('',#1278,#1279);
#1278 = CARTESIAN_POINT('',(-1.926961507872E-14,8.899100073804E-15));
#1279 = DIRECTION('',(-1.,0.));
#1280 = ( GEOMETRIC_REPRESENTATION_CONTEXT(2) 
PARAMETRIC_REPRESENTATION_CONTEXT() REPRESENTATION_CONTEXT('2D SPACE',''
  ) );
#1281 = PCURVE('',#403,#1282);
#1282 = DEFINITIONAL_REPRESENTATION('',(#1283),#1287);
#1283 = LINE('',#1284,#1285);
#1284 = CARTESIAN_POINT('',(6.28318530718,-8.));
#1285 = VECTOR('',#1286,1.);
#1286 = DIRECTION('',(-1.,0.));
#1287 = ( GEOMETRIC_REPRESENTATION_CONTEXT(2) 
PARAMETRIC_REPRESENTATION_CONTEXT() REPRESENTATION_CONTEXT('2D SPACE',''
  ) );
#1288 = ORIENTED_EDGE('',*,*,#1289,.T.);
#1289 = EDGE_CURVE('',#1266,#1217,#1290,.T.);
#1290 = SURFACE_CURVE('',#1291,(#1295,#1302),.PCURVE_S1.);
#1291 = LINE('',#1292,#1293);
#1292 = CARTESIAN_POINT('',(49.853068779874,8.,-79.83850673847));
#1293 = VECTOR('',#1294,1.);
#1294 = DIRECTION('',(0.529647477077,-0.,-0.848217867075));
#1295 = PCURVE('',#90,#1296);
#1296 = DEFINITIONAL_REPRESENTATION('',(#1297),#1301);
#1297 = LINE('',#1298,#1299);
#1298 = CARTESIAN_POINT('',(-49.85306877987,-79.83850673847));
#1299 = VECTOR('',#1300,1.);
#1300 = DIRECTION('',(-0.529647477077,-0.848217867075));
#1301 = ( GEOMETRIC_REPRESENTATION_CONTEXT(2) 
PARAMETRIC_REPRESENTATION_CONTEXT() REPRESENTATION_CONTEXT('2D SPACE',''
  ) );
#1302 = PCURVE('',#431,#1303);
#1303 = DEFINITIONAL_REPRESENTATION('',(#1304),#1308);
#1304 = LINE('',#1305,#1306);
#1305 = CARTESIAN_POINT('',(-94.125,-8.));
#1306 = VECTOR('',#1307,1.);
#1307 = DIRECTION('',(1.,-0.));
#1308 = ( GEOMETRIC_REPRESENTATION_CONTEXT(2) 
PARAMETRIC_REPRESENTATION_CONTEXT() REPRESENTATION_CONTEXT('2D SPACE',''
  ) );
#1309 = FACE_BOUND('',#1310,.F.);
#1310 = EDGE_LOOP('',(#1311));
#1311 = ORIENTED_EDGE('',*,*,#1312,.T.);
#1312 = EDGE_CURVE('',#1313,#1313,#1315,.T.);
#1313 = VERTEX_POINT('',#1314);
#1314 = CARTESIAN_POINT('',(34.699876310205,8.,-162.50245252));
#1315 = SURFACE_CURVE('',#1316,(#1321,#1328),.PCURVE_S1.);
#1316 = CIRCLE('',#1317,6.1);
#1317 = AXIS2_PLACEMENT_3D('',#1318,#1319,#1320);
#1318 = CARTESIAN_POINT('',(28.599876310205,8.,-162.50245252));
#1319 = DIRECTION('',(0.,1.,0.));
#1320 = DIRECTION('',(1.,-0.,-0.));
#1321 = PCURVE('',#90,#1322);
#1322 = DEFINITIONAL_REPRESENTATION('',(#1323),#1327);
#1323 = CIRCLE('',#1324,6.1);
#1324 = AXIS2_PLACEMENT_2D('',#1325,#1326);
#1325 = CARTESIAN_POINT('',(-28.5998763102,-162.50245252));
#1326 = DIRECTION('',(-1.,0.));
#1327 = ( GEOMETRIC_REPRESENTATION_CONTEXT(2) 
PARAMETRIC_REPRESENTATION_CONTEXT() REPRESENTATION_CONTEXT('2D SPACE',''
  ) );
#1328 = PCURVE('',#1087,#1329);
#1329 = DEFINITIONAL_REPRESENTATION('',(#1330),#1334);
#1330 = LINE('',#1331,#1332);
#1331 = CARTESIAN_POINT('',(-0.,8.));
#1332 = VECTOR('',#1333,1.);
#1333 = DIRECTION('',(-1.,0.));
#1334 = ( GEOMETRIC_REPRESENTATION_CONTEXT(2) 
PARAMETRIC_REPRESENTATION_CONTEXT() REPRESENTATION_CONTEXT('2D SPACE',''
  ) );
#1335 = FACE_BOUND('',#1336,.F.);
#1336 = EDGE_LOOP('',(#1337));
#1337 = ORIENTED_EDGE('',*,*,#1338,.T.);
#1338 = EDGE_CURVE('',#1339,#1339,#1341,.T.);
#1339 = VERTEX_POINT('',#1340);
#1340 = CARTESIAN_POINT('',(-88.58341965635,8.,-135.1297526164));
#1341 = SURFACE_CURVE('',#1342,(#1347,#1354),.PCURVE_S1.);
#1342 = CIRCLE('',#1343,6.1);
#1343 = AXIS2_PLACEMENT_3D('',#1344,#1345,#1346);
#1344 = CARTESIAN_POINT('',(-94.68341965635,8.,-135.1297526164));
#1345 = DIRECTION('',(0.,1.,0.));
#1346 = DIRECTION('',(1.,-0.,-0.));
#1347 = PCURVE('',#90,#1348);
#1348 = DEFINITIONAL_REPRESENTATION('',(#1349),#1353);
#1349 = CIRCLE('',#1350,6.1);
#1350 = AXIS2_PLACEMENT_2D('',#1351,#1352);
#1351 = CARTESIAN_POINT('',(94.683419656351,-135.1297526164));
#1352 = DIRECTION('',(-1.,0.));
#1353 = ( GEOMETRIC_REPRESENTATION_CONTEXT(2) 
PARAMETRIC_REPRESENTATION_CONTEXT() REPRESENTATION_CONTEXT('2D SPACE',''
  ) );
#1354 = PCURVE('',#1025,#1355);
#1355 = DEFINITIONAL_REPRESENTATION('',(#1356),#1360);
#1356 = LINE('',#1357,#1358);
#1357 = CARTESIAN_POINT('',(-0.,8.));
#1358 = VECTOR('',#1359,1.);
#1359 = DIRECTION('',(-1.,0.));
#1360 = ( GEOMETRIC_REPRESENTATION_CONTEXT(2) 
PARAMETRIC_REPRESENTATION_CONTEXT() REPRESENTATION_CONTEXT('2D SPACE',''
  ) );
#1361 = FACE_BOUND('',#1362,.F.);
#1362 = EDGE_LOOP('',(#1363));
#1363 = ORIENTED_EDGE('',*,*,#1364,.T.);
#1364 = EDGE_CURVE('',#1365,#1365,#1367,.T.);
#1365 = VERTEX_POINT('',#1366);
#1366 = CARTESIAN_POINT('',(76.409964121188,8.,-149.2699197604));
#1367 = SURFACE_CURVE('',#1368,(#1373,#1380),.PCURVE_S1.);
#1368 = CIRCLE('',#1369,6.1);
#1369 = AXIS2_PLACEMENT_3D('',#1370,#1371,#1372);
#1370 = CARTESIAN_POINT('',(70.309964121188,8.,-149.2699197604));
#1371 = DIRECTION('',(0.,1.,0.));
#1372 = DIRECTION('',(1.,-0.,-0.));
#1373 = PCURVE('',#90,#1374);
#1374 = DEFINITIONAL_REPRESENTATION('',(#1375),#1379);
#1375 = CIRCLE('',#1376,6.1);
#1376 = AXIS2_PLACEMENT_2D('',#1377,#1378);
#1377 = CARTESIAN_POINT('',(-70.30996412118,-149.2699197604));
#1378 = DIRECTION('',(-1.,0.));
#1379 = ( GEOMETRIC_REPRESENTATION_CONTEXT(2) 
PARAMETRIC_REPRESENTATION_CONTEXT() REPRESENTATION_CONTEXT('2D SPACE',''
  ) );
#1380 = PCURVE('',#1118,#1381);
#1381 = DEFINITIONAL_REPRESENTATION('',(#1382),#1386);
#1382 = LINE('',#1383,#1384);
#1383 = CARTESIAN_POINT('',(-0.,8.));
#1384 = VECTOR('',#1385,1.);
#1385 = DIRECTION('',(-1.,0.));
#1386 = ( GEOMETRIC_REPRESENTATION_CONTEXT(2) 
PARAMETRIC_REPRESENTATION_CONTEXT() REPRESENTATION_CONTEXT('2D SPACE',''
  ) );
#1387 = FACE_BOUND('',#1388,.F.);
#1388 = EDGE_LOOP('',(#1389));
#1389 = ORIENTED_EDGE('',*,*,#1390,.T.);
#1390 = EDGE_CURVE('',#1391,#1391,#1393,.T.);
#1391 = VERTEX_POINT('',#1392);
#1392 = CARTESIAN_POINT('',(88.55420482578,8.,-142.920621698));
#1393 = SURFACE_CURVE('',#1394,(#1399,#1406),.PCURVE_S1.);
#1394 = CIRCLE('',#1395,6.1);
#1395 = AXIS2_PLACEMENT_3D('',#1396,#1397,#1398);
#1396 = CARTESIAN_POINT('',(82.45420482578,8.,-142.920621698));
#1397 = DIRECTION('',(0.,1.,0.));
#1398 = DIRECTION('',(1.,-0.,-0.));
#1399 = PCURVE('',#90,#1400);
#1400 = DEFINITIONAL_REPRESENTATION('',(#1401),#1405);
#1401 = CIRCLE('',#1402,6.1);
#1402 = AXIS2_PLACEMENT_2D('',#1403,#1404);
#1403 = CARTESIAN_POINT('',(-82.45420482578,-142.920621698));
#1404 = DIRECTION('',(-1.,0.));
#1405 = ( GEOMETRIC_REPRESENTATION_CONTEXT(2) 
PARAMETRIC_REPRESENTATION_CONTEXT() REPRESENTATION_CONTEXT('2D SPACE',''
  ) );
#1406 = PCURVE('',#1149,#1407);
#1407 = DEFINITIONAL_REPRESENTATION('',(#1408),#1412);
#1408 = LINE('',#1409,#1410);
#1409 = CARTESIAN_POINT('',(-0.,8.));
#1410 = VECTOR('',#1411,1.);
#1411 = DIRECTION('',(-1.,0.));
#1412 = ( GEOMETRIC_REPRESENTATION_CONTEXT(2) 
PARAMETRIC_REPRESENTATION_CONTEXT() REPRESENTATION_CONTEXT('2D SPACE',''
  ) );
#1413 = ADVANCED_FACE('',(#1414),#204,.F.);
#1414 = FACE_BOUND('',#1415,.T.);
#1415 = EDGE_LOOP('',(#1416,#1417,#1418,#1419));
#1416 = ORIENTED_EDGE('',*,*,#274,.T.);
#1417 = ORIENTED_EDGE('',*,*,#1166,.T.);
#1418 = ORIENTED_EDGE('',*,*,#188,.F.);
#1419 = ORIENTED_EDGE('',*,*,#328,.F.);
#1420 = ADVANCED_FACE('',(#1421),#370,.T.);
#1421 = FACE_BOUND('',#1422,.F.);
#1422 = EDGE_LOOP('',(#1423,#1424,#1445,#1446,#1469,#1497));
#1423 = ORIENTED_EDGE('',*,*,#352,.F.);
#1424 = ORIENTED_EDGE('',*,*,#1425,.T.);
#1425 = EDGE_CURVE('',#353,#1243,#1426,.T.);
#1426 = SURFACE_CURVE('',#1427,(#1431,#1438),.PCURVE_S1.);
#1427 = LINE('',#1428,#1429);
#1428 = CARTESIAN_POINT('',(-103.4056801261,0.,-137.1325191836));
#1429 = VECTOR('',#1430,1.);
#1430 = DIRECTION('',(-0.,1.,-0.));
#1431 = PCURVE('',#370,#1432);
#1432 = DEFINITIONAL_REPRESENTATION('',(#1433),#1437);
#1433 = LINE('',#1434,#1435);
#1434 = CARTESIAN_POINT('',(3.124904635049E-14,-0.));
#1435 = VECTOR('',#1436,1.);
#1436 = DIRECTION('',(-0.,-1.));
#1437 = ( GEOMETRIC_REPRESENTATION_CONTEXT(2) 
PARAMETRIC_REPRESENTATION_CONTEXT() REPRESENTATION_CONTEXT('2D SPACE',''
  ) );
#1438 = PCURVE('',#403,#1439);
#1439 = DEFINITIONAL_REPRESENTATION('',(#1440),#1444);
#1440 = LINE('',#1441,#1442);
#1441 = CARTESIAN_POINT('',(4.06629670368,0.));
#1442 = VECTOR('',#1443,1.);
#1443 = DIRECTION('',(0.,-1.));
#1444 = ( GEOMETRIC_REPRESENTATION_CONTEXT(2) 
PARAMETRIC_REPRESENTATION_CONTEXT() REPRESENTATION_CONTEXT('2D SPACE',''
  ) );
#1445 = ORIENTED_EDGE('',*,*,#1242,.F.);
#1446 = ORIENTED_EDGE('',*,*,#1447,.F.);
#1447 = EDGE_CURVE('',#1448,#1219,#1450,.T.);
#1448 = VERTEX_POINT('',#1449);
#1449 = CARTESIAN_POINT('',(-113.3398502692,2.,-150.3068223366));
#1450 = SURFACE_CURVE('',#1451,(#1455,#1462),.PCURVE_S1.);
#1451 = LINE('',#1452,#1453);
#1452 = CARTESIAN_POINT('',(-113.3398502692,0.,-150.3068223366));
#1453 = VECTOR('',#1454,1.);
#1454 = DIRECTION('',(-0.,1.,-0.));
#1455 = PCURVE('',#370,#1456);
#1456 = DEFINITIONAL_REPRESENTATION('',(#1457),#1461);
#1457 = LINE('',#1458,#1459);
#1458 = CARTESIAN_POINT('',(-16.5,0.));
#1459 = VECTOR('',#1460,1.);
#1460 = DIRECTION('',(-0.,-1.));
#1461 = ( GEOMETRIC_REPRESENTATION_CONTEXT(2) 
PARAMETRIC_REPRESENTATION_CONTEXT() REPRESENTATION_CONTEXT('2D SPACE',''
  ) );
#1462 = PCURVE('',#660,#1463);
#1463 = DEFINITIONAL_REPRESENTATION('',(#1464),#1468);
#1464 = LINE('',#1465,#1466);
#1465 = CARTESIAN_POINT('',(4.06629670368,0.));
#1466 = VECTOR('',#1467,1.);
#1467 = DIRECTION('',(0.,-1.));
#1468 = ( GEOMETRIC_REPRESENTATION_CONTEXT(2) 
PARAMETRIC_REPRESENTATION_CONTEXT() REPRESENTATION_CONTEXT('2D SPACE',''
  ) );
#1469 = ORIENTED_EDGE('',*,*,#1470,.T.);
#1470 = EDGE_CURVE('',#1448,#1471,#1473,.T.);
#1471 = VERTEX_POINT('',#1472);
#1472 = CARTESIAN_POINT('',(-105.9537668338,2.,-140.5116908975));
#1473 = SURFACE_CURVE('',#1474,(#1478,#1485),.PCURVE_S1.);
#1474 = LINE('',#1475,#1476);
#1475 = CARTESIAN_POINT('',(-104.7018733518,2.,-138.8514793237));
#1476 = VECTOR('',#1477,1.);
#1477 = DIRECTION('',(0.602070917765,0.,0.798442615334));
#1478 = PCURVE('',#370,#1479);
#1479 = DEFINITIONAL_REPRESENTATION('',(#1480),#1484);
#1480 = LINE('',#1481,#1482);
#1481 = CARTESIAN_POINT('',(-2.15289127489,-2.));
#1482 = VECTOR('',#1483,1.);
#1483 = DIRECTION('',(1.,-0.));
#1484 = ( GEOMETRIC_REPRESENTATION_CONTEXT(2) 
PARAMETRIC_REPRESENTATION_CONTEXT() REPRESENTATION_CONTEXT('2D SPACE',''
  ) );
#1485 = PCURVE('',#1486,#1491);
#1486 = PLANE('',#1487);
#1487 = AXIS2_PLACEMENT_3D('',#1488,#1489,#1490);
#1488 = CARTESIAN_POINT('',(-107.6804054008,2.,-139.3018607833));
#1489 = DIRECTION('',(0.,-1.,0.));
#1490 = DIRECTION('',(-0.818968197675,0.,0.573838907008));
#1491 = DEFINITIONAL_REPRESENTATION('',(#1492),#1496);
#1492 = LINE('',#1493,#1494);
#1493 = CARTESIAN_POINT('',(-2.180876619397,-2.078045667776));
#1494 = VECTOR('',#1495,1.);
#1495 = DIRECTION('',(-3.48994967025E-02,-0.999390827019));
#1496 = ( GEOMETRIC_REPRESENTATION_CONTEXT(2) 
PARAMETRIC_REPRESENTATION_CONTEXT() REPRESENTATION_CONTEXT('2D SPACE',''
  ) );
#1497 = ORIENTED_EDGE('',*,*,#1498,.T.);
#1498 = EDGE_CURVE('',#1471,#355,#1499,.T.);
#1499 = SURFACE_CURVE('',#1500,(#1504,#1511),.PCURVE_S1.);
#1500 = LINE('',#1501,#1502);
#1501 = CARTESIAN_POINT('',(-105.9537668338,1.,-140.5116908975));
#1502 = VECTOR('',#1503,1.);
#1503 = DIRECTION('',(-0.,-1.,-0.));
#1504 = PCURVE('',#370,#1505);
#1505 = DEFINITIONAL_REPRESENTATION('',(#1506),#1510);
#1506 = LINE('',#1507,#1508);
#1507 = CARTESIAN_POINT('',(-4.232203603555,-1.));
#1508 = VECTOR('',#1509,1.);
#1509 = DIRECTION('',(-0.,1.));
#1510 = ( GEOMETRIC_REPRESENTATION_CONTEXT(2) 
PARAMETRIC_REPRESENTATION_CONTEXT() REPRESENTATION_CONTEXT('2D SPACE',''
  ) );
#1511 = PCURVE('',#994,#1512);
#1512 = DEFINITIONAL_REPRESENTATION('',(#1513),#1517);
#1513 = LINE('',#1514,#1515);
#1514 = CARTESIAN_POINT('',(-2.108309665639,-1.));
#1515 = VECTOR('',#1516,1.);
#1516 = DIRECTION('',(-0.,-1.));
#1517 = ( GEOMETRIC_REPRESENTATION_CONTEXT(2) 
PARAMETRIC_REPRESENTATION_CONTEXT() REPRESENTATION_CONTEXT('2D SPACE',''
  ) );
#1518 = ADVANCED_FACE('',(#1519),#403,.T.);
#1519 = FACE_BOUND('',#1520,.T.);
#1520 = EDGE_LOOP('',(#1521,#1522,#1523,#1524));
#1521 = ORIENTED_EDGE('',*,*,#382,.F.);
#1522 = ORIENTED_EDGE('',*,*,#1425,.T.);
#1523 = ORIENTED_EDGE('',*,*,#1265,.F.);
#1524 = ORIENTED_EDGE('',*,*,#1525,.F.);
#1525 = EDGE_CURVE('',#383,#1266,#1526,.T.);
#1526 = SURFACE_CURVE('',#1527,(#1531,#1538),.PCURVE_S1.);
#1527 = LINE('',#1528,#1529);
#1528 = CARTESIAN_POINT('',(90.966954187976,0.,-145.6814186702));
#1529 = VECTOR('',#1530,1.);
#1530 = DIRECTION('',(-0.,1.,-0.));
#1531 = PCURVE('',#403,#1532);
#1532 = DEFINITIONAL_REPRESENTATION('',(#1533),#1537);
#1533 = LINE('',#1534,#1535);
#1534 = CARTESIAN_POINT('',(5.270573887557,0.));
#1535 = VECTOR('',#1536,1.);
#1536 = DIRECTION('',(0.,-1.));
#1537 = ( GEOMETRIC_REPRESENTATION_CONTEXT(2) 
PARAMETRIC_REPRESENTATION_CONTEXT() REPRESENTATION_CONTEXT('2D SPACE',''
  ) );
#1538 = PCURVE('',#431,#1539);
#1539 = DEFINITIONAL_REPRESENTATION('',(#1540),#1544);
#1540 = LINE('',#1541,#1542);
#1541 = CARTESIAN_POINT('',(-16.5,-0.));
#1542 = VECTOR('',#1543,1.);
#1543 = DIRECTION('',(-0.,-1.));
#1544 = ( GEOMETRIC_REPRESENTATION_CONTEXT(2) 
PARAMETRIC_REPRESENTATION_CONTEXT() REPRESENTATION_CONTEXT('2D SPACE',''
  ) );
#1545 = ADVANCED_FACE('',(#1546),#994,.T.);
#1546 = FACE_BOUND('',#1547,.F.);
#1547 = EDGE_LOOP('',(#1548,#1571,#1592,#1593));
#1548 = ORIENTED_EDGE('',*,*,#1549,.F.);
#1549 = EDGE_CURVE('',#1550,#1471,#1552,.T.);
#1550 = VERTEX_POINT('',#1551);
#1551 = CARTESIAN_POINT('',(-107.6804054008,2.,-139.3018607833));
#1552 = SURFACE_CURVE('',#1553,(#1557,#1564),.PCURVE_S1.);
#1553 = LINE('',#1554,#1555);
#1554 = CARTESIAN_POINT('',(-107.6804054008,2.,-139.3018607833));
#1555 = VECTOR('',#1556,1.);
#1556 = DIRECTION('',(0.818968197675,0.,-0.573838907008));
#1557 = PCURVE('',#994,#1558);
#1558 = DEFINITIONAL_REPRESENTATION('',(#1559),#1563);
#1559 = LINE('',#1560,#1561);
#1560 = CARTESIAN_POINT('',(-0.,0.));
#1561 = VECTOR('',#1562,1.);
#1562 = DIRECTION('',(-1.,0.));
#1563 = ( GEOMETRIC_REPRESENTATION_CONTEXT(2) 
PARAMETRIC_REPRESENTATION_CONTEXT() REPRESENTATION_CONTEXT('2D SPACE',''
  ) );
#1564 = PCURVE('',#1486,#1565);
#1565 = DEFINITIONAL_REPRESENTATION('',(#1566),#1570);
#1566 = LINE('',#1567,#1568);
#1567 = CARTESIAN_POINT('',(-0.,0.));
#1568 = VECTOR('',#1569,1.);
#1569 = DIRECTION('',(-1.,0.));
#1570 = ( GEOMETRIC_REPRESENTATION_CONTEXT(2) 
PARAMETRIC_REPRESENTATION_CONTEXT() REPRESENTATION_CONTEXT('2D SPACE',''
  ) );
#1571 = ORIENTED_EDGE('',*,*,#1572,.T.);
#1572 = EDGE_CURVE('',#1550,#953,#1573,.T.);
#1573 = SURFACE_CURVE('',#1574,(#1578,#1585),.PCURVE_S1.);
#1574 = LINE('',#1575,#1576);
#1575 = CARTESIAN_POINT('',(-107.6804054008,2.,-139.3018607833));
#1576 = VECTOR('',#1577,1.);
#1577 = DIRECTION('',(0.,-1.,0.));
#1578 = PCURVE('',#994,#1579);
#1579 = DEFINITIONAL_REPRESENTATION('',(#1580),#1584);
#1580 = LINE('',#1581,#1582);
#1581 = CARTESIAN_POINT('',(-0.,0.));
#1582 = VECTOR('',#1583,1.);
#1583 = DIRECTION('',(-0.,-1.));
#1584 = ( GEOMETRIC_REPRESENTATION_CONTEXT(2) 
PARAMETRIC_REPRESENTATION_CONTEXT() REPRESENTATION_CONTEXT('2D SPACE',''
  ) );
#1585 = PCURVE('',#968,#1586);
#1586 = DEFINITIONAL_REPRESENTATION('',(#1587),#1591);
#1587 = LINE('',#1588,#1589);
#1588 = CARTESIAN_POINT('',(-0.,-0.));
#1589 = VECTOR('',#1590,1.);
#1590 = DIRECTION('',(-0.,1.));
#1591 = ( GEOMETRIC_REPRESENTATION_CONTEXT(2) 
PARAMETRIC_REPRESENTATION_CONTEXT() REPRESENTATION_CONTEXT('2D SPACE',''
  ) );
#1592 = ORIENTED_EDGE('',*,*,#980,.T.);
#1593 = ORIENTED_EDGE('',*,*,#1498,.F.);
#1594 = ADVANCED_FACE('',(#1595),#431,.T.);
#1595 = FACE_BOUND('',#1596,.F.);
#1596 = EDGE_LOOP('',(#1597,#1598,#1621,#1649,#1670,#1671));
#1597 = ORIENTED_EDGE('',*,*,#415,.F.);
#1598 = ORIENTED_EDGE('',*,*,#1599,.T.);
#1599 = EDGE_CURVE('',#416,#1600,#1602,.T.);
#1600 = VERTEX_POINT('',#1601);
#1601 = CARTESIAN_POINT('',(93.208530149077,2.,-149.2712493838));
#1602 = SURFACE_CURVE('',#1603,(#1607,#1614),.PCURVE_S1.);
#1603 = LINE('',#1604,#1605);
#1604 = CARTESIAN_POINT('',(93.208530149077,1.,-149.2712493838));
#1605 = VECTOR('',#1606,1.);
#1606 = DIRECTION('',(-0.,1.,-0.));
#1607 = PCURVE('',#431,#1608);
#1608 = DEFINITIONAL_REPRESENTATION('',(#1609),#1613);
#1609 = LINE('',#1610,#1611);
#1610 = CARTESIAN_POINT('',(-12.26779639644,-1.));
#1611 = VECTOR('',#1612,1.);
#1612 = DIRECTION('',(-0.,-1.));
#1613 = ( GEOMETRIC_REPRESENTATION_CONTEXT(2) 
PARAMETRIC_REPRESENTATION_CONTEXT() REPRESENTATION_CONTEXT('2D SPACE',''
  ) );
#1614 = PCURVE('',#459,#1615);
#1615 = DEFINITIONAL_REPRESENTATION('',(#1616),#1620);
#1616 = LINE('',#1617,#1618);
#1617 = CARTESIAN_POINT('',(-14.39169033436,-1.));
#1618 = VECTOR('',#1619,1.);
#1619 = DIRECTION('',(-0.,1.));
#1620 = ( GEOMETRIC_REPRESENTATION_CONTEXT(2) 
PARAMETRIC_REPRESENTATION_CONTEXT() REPRESENTATION_CONTEXT('2D SPACE',''
  ) );
#1621 = ORIENTED_EDGE('',*,*,#1622,.T.);
#1622 = EDGE_CURVE('',#1600,#1623,#1625,.T.);
#1623 = VERTEX_POINT('',#1624);
#1624 = CARTESIAN_POINT('',(99.706137559748,2.,-159.6770134769));
#1625 = SURFACE_CURVE('',#1626,(#1630,#1637),.PCURVE_S1.);
#1626 = LINE('',#1627,#1628);
#1627 = CARTESIAN_POINT('',(96.324322755397,2.,-154.2611173114));
#1628 = VECTOR('',#1629,1.);
#1629 = DIRECTION('',(0.529647477077,-0.,-0.848217867075));
#1630 = PCURVE('',#431,#1631);
#1631 = DEFINITIONAL_REPRESENTATION('',(#1632),#1636);
#1632 = LINE('',#1633,#1634);
#1633 = CARTESIAN_POINT('',(-6.385029572906,-2.));
#1634 = VECTOR('',#1635,1.);
#1635 = DIRECTION('',(1.,-0.));
#1636 = ( GEOMETRIC_REPRESENTATION_CONTEXT(2) 
PARAMETRIC_REPRESENTATION_CONTEXT() REPRESENTATION_CONTEXT('2D SPACE',''
  ) );
#1637 = PCURVE('',#1638,#1643);
#1638 = PLANE('',#1639);
#1639 = AXIS2_PLACEMENT_3D('',#1640,#1641,#1642);
#1640 = CARTESIAN_POINT('',(67.480533950247,2.,-162.6236626779));
#1641 = DIRECTION('',(-0.,-1.,-0.));
#1642 = DIRECTION('',(-0.904666180366,0.,-0.426120994674));
#1643 = DEFINITIONAL_REPRESENTATION('',(#1644),#1648);
#1644 = LINE('',#1645,#1646);
#1645 = CARTESIAN_POINT('',(-29.65745639523,4.725632000926));
#1646 = VECTOR('',#1647,1.);
#1647 = DIRECTION('',(-0.117710718809,0.993047927684));
#1648 = ( GEOMETRIC_REPRESENTATION_CONTEXT(2) 
PARAMETRIC_REPRESENTATION_CONTEXT() REPRESENTATION_CONTEXT('2D SPACE',''
  ) );
#1649 = ORIENTED_EDGE('',*,*,#1650,.T.);
#1650 = EDGE_CURVE('',#1623,#1217,#1651,.T.);
#1651 = SURFACE_CURVE('',#1652,(#1656,#1663),.PCURVE_S1.);
#1652 = LINE('',#1653,#1654);
#1653 = CARTESIAN_POINT('',(99.706137559748,0.,-159.6770134769));
#1654 = VECTOR('',#1655,1.);
#1655 = DIRECTION('',(-0.,1.,-0.));
#1656 = PCURVE('',#431,#1657);
#1657 = DEFINITIONAL_REPRESENTATION('',(#1658),#1662);
#1658 = LINE('',#1659,#1660);
#1659 = CARTESIAN_POINT('',(-0.,0.));
#1660 = VECTOR('',#1661,1.);
#1661 = DIRECTION('',(-0.,-1.));
#1662 = ( GEOMETRIC_REPRESENTATION_CONTEXT(2) 
PARAMETRIC_REPRESENTATION_CONTEXT() REPRESENTATION_CONTEXT('2D SPACE',''
  ) );
#1663 = PCURVE('',#660,#1664);
#1664 = DEFINITIONAL_REPRESENTATION('',(#1665),#1669);
#1665 = LINE('',#1666,#1667);
#1666 = CARTESIAN_POINT('',(5.270573887557,0.));
#1667 = VECTOR('',#1668,1.);
#1668 = DIRECTION('',(0.,-1.));
#1669 = ( GEOMETRIC_REPRESENTATION_CONTEXT(2) 
PARAMETRIC_REPRESENTATION_CONTEXT() REPRESENTATION_CONTEXT('2D SPACE',''
  ) );
#1670 = ORIENTED_EDGE('',*,*,#1289,.F.);
#1671 = ORIENTED_EDGE('',*,*,#1525,.F.);
#1672 = ADVANCED_FACE('',(#1673),#968,.T.);
#1673 = FACE_BOUND('',#1674,.F.);
#1674 = EDGE_LOOP('',(#1675,#1676,#1699,#1720));
#1675 = ORIENTED_EDGE('',*,*,#1572,.F.);
#1676 = ORIENTED_EDGE('',*,*,#1677,.T.);
#1677 = EDGE_CURVE('',#1550,#1678,#1680,.T.);
#1678 = VERTEX_POINT('',#1679);
#1679 = CARTESIAN_POINT('',(-129.6297435939,2.,-170.6273943444));
#1680 = SURFACE_CURVE('',#1681,(#1685,#1692),.PCURVE_S1.);
#1681 = LINE('',#1682,#1683);
#1682 = CARTESIAN_POINT('',(-107.6804054008,2.,-139.3018607833));
#1683 = VECTOR('',#1684,1.);
#1684 = DIRECTION('',(-0.573838907008,0.,-0.818968197675));
#1685 = PCURVE('',#968,#1686);
#1686 = DEFINITIONAL_REPRESENTATION('',(#1687),#1691);
#1687 = LINE('',#1688,#1689);
#1688 = CARTESIAN_POINT('',(-0.,-0.));
#1689 = VECTOR('',#1690,1.);
#1690 = DIRECTION('',(-1.,0.));
#1691 = ( GEOMETRIC_REPRESENTATION_CONTEXT(2) 
PARAMETRIC_REPRESENTATION_CONTEXT() REPRESENTATION_CONTEXT('2D SPACE',''
  ) );
#1692 = PCURVE('',#1486,#1693);
#1693 = DEFINITIONAL_REPRESENTATION('',(#1694),#1698);
#1694 = LINE('',#1695,#1696);
#1695 = CARTESIAN_POINT('',(-0.,0.));
#1696 = VECTOR('',#1697,1.);
#1697 = DIRECTION('',(-0.,1.));
#1698 = ( GEOMETRIC_REPRESENTATION_CONTEXT(2) 
PARAMETRIC_REPRESENTATION_CONTEXT() REPRESENTATION_CONTEXT('2D SPACE',''
  ) );
#1699 = ORIENTED_EDGE('',*,*,#1700,.T.);
#1700 = EDGE_CURVE('',#1678,#925,#1701,.T.);
#1701 = SURFACE_CURVE('',#1702,(#1706,#1713),.PCURVE_S1.);
#1702 = LINE('',#1703,#1704);
#1703 = CARTESIAN_POINT('',(-129.6297435939,2.,-170.6273943444));
#1704 = VECTOR('',#1705,1.);
#1705 = DIRECTION('',(0.,-1.,0.));
#1706 = PCURVE('',#968,#1707);
#1707 = DEFINITIONAL_REPRESENTATION('',(#1708),#1712);
#1708 = LINE('',#1709,#1710);
#1709 = CARTESIAN_POINT('',(-38.25,-0.));
#1710 = VECTOR('',#1711,1.);
#1711 = DIRECTION('',(-0.,1.));
#1712 = ( GEOMETRIC_REPRESENTATION_CONTEXT(2) 
PARAMETRIC_REPRESENTATION_CONTEXT() REPRESENTATION_CONTEXT('2D SPACE',''
  ) );
#1713 = PCURVE('',#940,#1714);
#1714 = DEFINITIONAL_REPRESENTATION('',(#1715),#1719);
#1715 = LINE('',#1716,#1717);
#1716 = CARTESIAN_POINT('',(-0.,0.));
#1717 = VECTOR('',#1718,1.);
#1718 = DIRECTION('',(-0.,-1.));
#1719 = ( GEOMETRIC_REPRESENTATION_CONTEXT(2) 
PARAMETRIC_REPRESENTATION_CONTEXT() REPRESENTATION_CONTEXT('2D SPACE',''
  ) );
#1720 = ORIENTED_EDGE('',*,*,#952,.T.);
#1721 = ADVANCED_FACE('',(#1722),#459,.T.);
#1722 = FACE_BOUND('',#1723,.F.);
#1723 = EDGE_LOOP('',(#1724,#1747,#1748,#1749));
#1724 = ORIENTED_EDGE('',*,*,#1725,.F.);
#1725 = EDGE_CURVE('',#1600,#1726,#1728,.T.);
#1726 = VERTEX_POINT('',#1727);
#1727 = CARTESIAN_POINT('',(95.03471759238,2.,-148.217679705));
#1728 = SURFACE_CURVE('',#1729,(#1733,#1740),.PCURVE_S1.);
#1729 = LINE('',#1730,#1731);
#1730 = CARTESIAN_POINT('',(80.742655422578,2.,-156.4631001875));
#1731 = VECTOR('',#1732,1.);
#1732 = DIRECTION('',(0.866185586049,0.,0.49972245349));
#1733 = PCURVE('',#459,#1734);
#1734 = DEFINITIONAL_REPRESENTATION('',(#1735),#1739);
#1735 = LINE('',#1736,#1737);
#1736 = CARTESIAN_POINT('',(-0.,0.));
#1737 = VECTOR('',#1738,1.);
#1738 = DIRECTION('',(-1.,0.));
#1739 = ( GEOMETRIC_REPRESENTATION_CONTEXT(2) 
PARAMETRIC_REPRESENTATION_CONTEXT() REPRESENTATION_CONTEXT('2D SPACE',''
  ) );
#1740 = PCURVE('',#1638,#1741);
#1741 = DEFINITIONAL_REPRESENTATION('',(#1742),#1746);
#1742 = LINE('',#1743,#1744);
#1743 = CARTESIAN_POINT('',(-14.62293779206,7.80158562178E-02));
#1744 = VECTOR('',#1745,1.);
#1745 = DIRECTION('',(-0.996551034561,-8.298213974238E-02));
#1746 = ( GEOMETRIC_REPRESENTATION_CONTEXT(2) 
PARAMETRIC_REPRESENTATION_CONTEXT() REPRESENTATION_CONTEXT('2D SPACE',''
  ) );
#1747 = ORIENTED_EDGE('',*,*,#1599,.F.);
#1748 = ORIENTED_EDGE('',*,*,#443,.T.);
#1749 = ORIENTED_EDGE('',*,*,#1750,.F.);
#1750 = EDGE_CURVE('',#1726,#444,#1751,.T.);
#1751 = SURFACE_CURVE('',#1752,(#1756,#1763),.PCURVE_S1.);
#1752 = LINE('',#1753,#1754);
#1753 = CARTESIAN_POINT('',(95.03471759238,2.,-148.217679705));
#1754 = VECTOR('',#1755,1.);
#1755 = DIRECTION('',(-0.,-1.,0.));
#1756 = PCURVE('',#459,#1757);
#1757 = DEFINITIONAL_REPRESENTATION('',(#1758),#1762);
#1758 = LINE('',#1759,#1760);
#1759 = CARTESIAN_POINT('',(-16.5,0.));
#1760 = VECTOR('',#1761,1.);
#1761 = DIRECTION('',(-0.,-1.));
#1762 = ( GEOMETRIC_REPRESENTATION_CONTEXT(2) 
PARAMETRIC_REPRESENTATION_CONTEXT() REPRESENTATION_CONTEXT('2D SPACE',''
  ) );
#1763 = PCURVE('',#487,#1764);
#1764 = DEFINITIONAL_REPRESENTATION('',(#1765),#1769);
#1765 = LINE('',#1766,#1767);
#1766 = CARTESIAN_POINT('',(-0.,-0.));
#1767 = VECTOR('',#1768,1.);
#1768 = DIRECTION('',(-0.,1.));
#1769 = ( GEOMETRIC_REPRESENTATION_CONTEXT(2) 
PARAMETRIC_REPRESENTATION_CONTEXT() REPRESENTATION_CONTEXT('2D SPACE',''
  ) );
#1770 = ADVANCED_FACE('',(#1771),#940,.F.);
#1771 = FACE_BOUND('',#1772,.T.);
#1772 = EDGE_LOOP('',(#1773,#1796,#1817,#1818));
#1773 = ORIENTED_EDGE('',*,*,#1774,.F.);
#1774 = EDGE_CURVE('',#1775,#897,#1777,.T.);
#1775 = VERTEX_POINT('',#1776);
#1776 = CARTESIAN_POINT('',(-116.1167683323,2.,-180.09573631));
#1777 = SURFACE_CURVE('',#1778,(#1782,#1789),.PCURVE_S1.);
#1778 = LINE('',#1779,#1780);
#1779 = CARTESIAN_POINT('',(-116.1167683323,2.,-180.09573631));
#1780 = VECTOR('',#1781,1.);
#1781 = DIRECTION('',(0.,-1.,0.));
#1782 = PCURVE('',#940,#1783);
#1783 = DEFINITIONAL_REPRESENTATION('',(#1784),#1788);
#1784 = LINE('',#1785,#1786);
#1785 = CARTESIAN_POINT('',(-16.5,0.));
#1786 = VECTOR('',#1787,1.);
#1787 = DIRECTION('',(-0.,-1.));
#1788 = ( GEOMETRIC_REPRESENTATION_CONTEXT(2) 
PARAMETRIC_REPRESENTATION_CONTEXT() REPRESENTATION_CONTEXT('2D SPACE',''
  ) );
#1789 = PCURVE('',#912,#1790);
#1790 = DEFINITIONAL_REPRESENTATION('',(#1791),#1795);
#1791 = LINE('',#1792,#1793);
#1792 = CARTESIAN_POINT('',(-38.25,-0.));
#1793 = VECTOR('',#1794,1.);
#1794 = DIRECTION('',(-0.,1.));
#1795 = ( GEOMETRIC_REPRESENTATION_CONTEXT(2) 
PARAMETRIC_REPRESENTATION_CONTEXT() REPRESENTATION_CONTEXT('2D SPACE',''
  ) );
#1796 = ORIENTED_EDGE('',*,*,#1797,.F.);
#1797 = EDGE_CURVE('',#1678,#1775,#1798,.T.);
#1798 = SURFACE_CURVE('',#1799,(#1803,#1810),.PCURVE_S1.);
#1799 = LINE('',#1800,#1801);
#1800 = CARTESIAN_POINT('',(-129.6297435939,2.,-170.6273943444));
#1801 = VECTOR('',#1802,1.);
#1802 = DIRECTION('',(0.818968197675,0.,-0.573838907008));
#1803 = PCURVE('',#940,#1804);
#1804 = DEFINITIONAL_REPRESENTATION('',(#1805),#1809);
#1805 = LINE('',#1806,#1807);
#1806 = CARTESIAN_POINT('',(-0.,0.));
#1807 = VECTOR('',#1808,1.);
#1808 = DIRECTION('',(-1.,0.));
#1809 = ( GEOMETRIC_REPRESENTATION_CONTEXT(2) 
PARAMETRIC_REPRESENTATION_CONTEXT() REPRESENTATION_CONTEXT('2D SPACE',''
  ) );
#1810 = PCURVE('',#1486,#1811);
#1811 = DEFINITIONAL_REPRESENTATION('',(#1812),#1816);
#1812 = LINE('',#1813,#1814);
#1813 = CARTESIAN_POINT('',(-0.,38.25));
#1814 = VECTOR('',#1815,1.);
#1815 = DIRECTION('',(-1.,0.));
#1816 = ( GEOMETRIC_REPRESENTATION_CONTEXT(2) 
PARAMETRIC_REPRESENTATION_CONTEXT() REPRESENTATION_CONTEXT('2D SPACE',''
  ) );
#1817 = ORIENTED_EDGE('',*,*,#1700,.T.);
#1818 = ORIENTED_EDGE('',*,*,#924,.T.);
#1819 = ADVANCED_FACE('',(#1820),#487,.F.);
#1820 = FACE_BOUND('',#1821,.T.);
#1821 = EDGE_LOOP('',(#1822,#1823,#1846,#1867));
#1822 = ORIENTED_EDGE('',*,*,#1750,.F.);
#1823 = ORIENTED_EDGE('',*,*,#1824,.T.);
#1824 = EDGE_CURVE('',#1726,#1825,#1827,.T.);
#1825 = VERTEX_POINT('',#1826);
#1826 = CARTESIAN_POINT('',(114.14910143835,2.,-181.3492783713));
#1827 = SURFACE_CURVE('',#1828,(#1832,#1839),.PCURVE_S1.);
#1828 = LINE('',#1829,#1830);
#1829 = CARTESIAN_POINT('',(95.03471759238,2.,-148.217679705));
#1830 = VECTOR('',#1831,1.);
#1831 = DIRECTION('',(0.49972245349,0.,-0.866185586049));
#1832 = PCURVE('',#487,#1833);
#1833 = DEFINITIONAL_REPRESENTATION('',(#1834),#1838);
#1834 = LINE('',#1835,#1836);
#1835 = CARTESIAN_POINT('',(-0.,-0.));
#1836 = VECTOR('',#1837,1.);
#1837 = DIRECTION('',(-1.,0.));
#1838 = ( GEOMETRIC_REPRESENTATION_CONTEXT(2) 
PARAMETRIC_REPRESENTATION_CONTEXT() REPRESENTATION_CONTEXT('2D SPACE',''
  ) );
#1839 = PCURVE('',#1638,#1840);
#1840 = DEFINITIONAL_REPRESENTATION('',(#1841),#1845);
#1841 = LINE('',#1842,#1843);
#1842 = CARTESIAN_POINT('',(-31.06602986231,-1.291189449532));
#1843 = VECTOR('',#1844,1.);
#1844 = DIRECTION('',(-8.298213974238E-02,0.996551034561));
#1845 = ( GEOMETRIC_REPRESENTATION_CONTEXT(2) 
PARAMETRIC_REPRESENTATION_CONTEXT() REPRESENTATION_CONTEXT('2D SPACE',''
  ) );
#1846 = ORIENTED_EDGE('',*,*,#1847,.T.);
#1847 = EDGE_CURVE('',#1825,#472,#1848,.T.);
#1848 = SURFACE_CURVE('',#1849,(#1853,#1860),.PCURVE_S1.);
#1849 = LINE('',#1850,#1851);
#1850 = CARTESIAN_POINT('',(114.14910143835,2.,-181.3492783713));
#1851 = VECTOR('',#1852,1.);
#1852 = DIRECTION('',(-0.,-1.,0.));
#1853 = PCURVE('',#487,#1854);
#1854 = DEFINITIONAL_REPRESENTATION('',(#1855),#1859);
#1855 = LINE('',#1856,#1857);
#1856 = CARTESIAN_POINT('',(-38.25,-0.));
#1857 = VECTOR('',#1858,1.);
#1858 = DIRECTION('',(-0.,1.));
#1859 = ( GEOMETRIC_REPRESENTATION_CONTEXT(2) 
PARAMETRIC_REPRESENTATION_CONTEXT() REPRESENTATION_CONTEXT('2D SPACE',''
  ) );
#1860 = PCURVE('',#515,#1861);
#1861 = DEFINITIONAL_REPRESENTATION('',(#1862),#1866);
#1862 = LINE('',#1863,#1864);
#1863 = CARTESIAN_POINT('',(-16.5,0.));
#1864 = VECTOR('',#1865,1.);
#1865 = DIRECTION('',(-0.,-1.));
#1866 = ( GEOMETRIC_REPRESENTATION_CONTEXT(2) 
PARAMETRIC_REPRESENTATION_CONTEXT() REPRESENTATION_CONTEXT('2D SPACE',''
  ) );
#1867 = ORIENTED_EDGE('',*,*,#471,.T.);
#1868 = ADVANCED_FACE('',(#1869),#912,.F.);
#1869 = FACE_BOUND('',#1870,.T.);
#1870 = EDGE_LOOP('',(#1871,#1894,#1915,#1916));
#1871 = ORIENTED_EDGE('',*,*,#1872,.F.);
#1872 = EDGE_CURVE('',#1873,#869,#1875,.T.);
#1873 = VERTEX_POINT('',#1874);
#1874 = CARTESIAN_POINT('',(-101.1648999418,2.,-158.7568125144));
#1875 = SURFACE_CURVE('',#1876,(#1880,#1887),.PCURVE_S1.);
#1876 = LINE('',#1877,#1878);
#1877 = CARTESIAN_POINT('',(-101.1648999418,0.,-158.7568125144));
#1878 = VECTOR('',#1879,1.);
#1879 = DIRECTION('',(-0.,-1.,-0.));
#1880 = PCURVE('',#912,#1881);
#1881 = DEFINITIONAL_REPRESENTATION('',(#1882),#1886);
#1882 = LINE('',#1883,#1884);
#1883 = CARTESIAN_POINT('',(-12.19413622389,2.));
#1884 = VECTOR('',#1885,1.);
#1885 = DIRECTION('',(-0.,1.));
#1886 = ( GEOMETRIC_REPRESENTATION_CONTEXT(2) 
PARAMETRIC_REPRESENTATION_CONTEXT() REPRESENTATION_CONTEXT('2D SPACE',''
  ) );
#1887 = PCURVE('',#660,#1888);
#1888 = DEFINITIONAL_REPRESENTATION('',(#1889),#1893);
#1889 = LINE('',#1890,#1891);
#1890 = CARTESIAN_POINT('',(4.145042030373,0.));
#1891 = VECTOR('',#1892,1.);
#1892 = DIRECTION('',(0.,1.));
#1893 = ( GEOMETRIC_REPRESENTATION_CONTEXT(2) 
PARAMETRIC_REPRESENTATION_CONTEXT() REPRESENTATION_CONTEXT('2D SPACE',''
  ) );
#1894 = ORIENTED_EDGE('',*,*,#1895,.T.);
#1895 = EDGE_CURVE('',#1873,#1775,#1896,.T.);
#1896 = SURFACE_CURVE('',#1897,(#1901,#1908),.PCURVE_S1.);
#1897 = LINE('',#1898,#1899);
#1898 = CARTESIAN_POINT('',(-94.16743013924,2.,-148.7702027489));
#1899 = VECTOR('',#1900,1.);
#1900 = DIRECTION('',(-0.573838907008,0.,-0.818968197675));
#1901 = PCURVE('',#912,#1902);
#1902 = DEFINITIONAL_REPRESENTATION('',(#1903),#1907);
#1903 = LINE('',#1904,#1905);
#1904 = CARTESIAN_POINT('',(-0.,-0.));
#1905 = VECTOR('',#1906,1.);
#1906 = DIRECTION('',(-1.,0.));
#1907 = ( GEOMETRIC_REPRESENTATION_CONTEXT(2) 
PARAMETRIC_REPRESENTATION_CONTEXT() REPRESENTATION_CONTEXT('2D SPACE',''
  ) );
#1908 = PCURVE('',#1486,#1909);
#1909 = DEFINITIONAL_REPRESENTATION('',(#1910),#1914);
#1910 = LINE('',#1911,#1912);
#1911 = CARTESIAN_POINT('',(-16.5,0.));
#1912 = VECTOR('',#1913,1.);
#1913 = DIRECTION('',(-0.,1.));
#1914 = ( GEOMETRIC_REPRESENTATION_CONTEXT(2) 
PARAMETRIC_REPRESENTATION_CONTEXT() REPRESENTATION_CONTEXT('2D SPACE',''
  ) );
#1915 = ORIENTED_EDGE('',*,*,#1774,.T.);
#1916 = ORIENTED_EDGE('',*,*,#896,.T.);
#1917 = ADVANCED_FACE('',(#1918),#515,.F.);
#1918 = FACE_BOUND('',#1919,.T.);
#1919 = EDGE_LOOP('',(#1920,#1921,#1944,#1965));
#1920 = ORIENTED_EDGE('',*,*,#1847,.F.);
#1921 = ORIENTED_EDGE('',*,*,#1922,.F.);
#1922 = EDGE_CURVE('',#1923,#1825,#1925,.T.);
#1923 = VERTEX_POINT('',#1924);
#1924 = CARTESIAN_POINT('',(99.857039268555,2.,-189.5946988539));
#1925 = SURFACE_CURVE('',#1926,(#1930,#1937),.PCURVE_S1.);
#1926 = LINE('',#1927,#1928);
#1927 = CARTESIAN_POINT('',(99.857039268555,2.,-189.5946988539));
#1928 = VECTOR('',#1929,1.);
#1929 = DIRECTION('',(0.866185586049,0.,0.49972245349));
#1930 = PCURVE('',#515,#1931);
#1931 = DEFINITIONAL_REPRESENTATION('',(#1932),#1936);
#1932 = LINE('',#1933,#1934);
#1933 = CARTESIAN_POINT('',(-0.,0.));
#1934 = VECTOR('',#1935,1.);
#1935 = DIRECTION('',(-1.,0.));
#1936 = ( GEOMETRIC_REPRESENTATION_CONTEXT(2) 
PARAMETRIC_REPRESENTATION_CONTEXT() REPRESENTATION_CONTEXT('2D SPACE',''
  ) );
#1937 = PCURVE('',#1638,#1938);
#1938 = DEFINITIONAL_REPRESENTATION('',(#1939),#1943);
#1939 = LINE('',#1940,#1941);
#1940 = CARTESIAN_POINT('',(-17.79700463721,38.19609292816));
#1941 = VECTOR('',#1942,1.);
#1942 = DIRECTION('',(-0.996551034561,-8.298213974238E-02));
#1943 = ( GEOMETRIC_REPRESENTATION_CONTEXT(2) 
PARAMETRIC_REPRESENTATION_CONTEXT() REPRESENTATION_CONTEXT('2D SPACE',''
  ) );
#1944 = ORIENTED_EDGE('',*,*,#1945,.T.);
#1945 = EDGE_CURVE('',#1923,#500,#1946,.T.);
#1946 = SURFACE_CURVE('',#1947,(#1951,#1958),.PCURVE_S1.);
#1947 = LINE('',#1948,#1949);
#1948 = CARTESIAN_POINT('',(99.857039268555,2.,-189.5946988539));
#1949 = VECTOR('',#1950,1.);
#1950 = DIRECTION('',(-0.,-1.,0.));
#1951 = PCURVE('',#515,#1952);
#1952 = DEFINITIONAL_REPRESENTATION('',(#1953),#1957);
#1953 = LINE('',#1954,#1955);
#1954 = CARTESIAN_POINT('',(-0.,0.));
#1955 = VECTOR('',#1956,1.);
#1956 = DIRECTION('',(-0.,-1.));
#1957 = ( GEOMETRIC_REPRESENTATION_CONTEXT(2) 
PARAMETRIC_REPRESENTATION_CONTEXT() REPRESENTATION_CONTEXT('2D SPACE',''
  ) );
#1958 = PCURVE('',#543,#1959);
#1959 = DEFINITIONAL_REPRESENTATION('',(#1960),#1964);
#1960 = LINE('',#1961,#1962);
#1961 = CARTESIAN_POINT('',(-38.25,-0.));
#1962 = VECTOR('',#1963,1.);
#1963 = DIRECTION('',(-0.,1.));
#1964 = ( GEOMETRIC_REPRESENTATION_CONTEXT(2) 
PARAMETRIC_REPRESENTATION_CONTEXT() REPRESENTATION_CONTEXT('2D SPACE',''
  ) );
#1965 = ORIENTED_EDGE('',*,*,#499,.T.);
#1966 = ADVANCED_FACE('',(#1967),#660,.F.);
#1967 = FACE_BOUND('',#1968,.F.);
#1968 = EDGE_LOOP('',(#1969,#1970,#1971,#1997,#1998,#1999,#2000,#2028,
    #2049,#2050,#2073,#2106,#2127,#2128,#2151,#2184));
#1969 = ORIENTED_EDGE('',*,*,#868,.F.);
#1970 = ORIENTED_EDGE('',*,*,#1872,.F.);
#1971 = ORIENTED_EDGE('',*,*,#1972,.T.);
#1972 = EDGE_CURVE('',#1873,#1448,#1973,.T.);
#1973 = SURFACE_CURVE('',#1974,(#1979,#1986),.PCURVE_S1.);
#1974 = CIRCLE('',#1975,188.25);
#1975 = AXIS2_PLACEMENT_3D('',#1976,#1977,#1978);
#1976 = CARTESIAN_POINT('',(0.,2.,0.));
#1977 = DIRECTION('',(0.,1.,0.));
#1978 = DIRECTION('',(1.,-0.,-0.));
#1979 = PCURVE('',#660,#1980);
#1980 = DEFINITIONAL_REPRESENTATION('',(#1981),#1985);
#1981 = LINE('',#1982,#1983);
#1982 = CARTESIAN_POINT('',(6.28318530718,-2.));
#1983 = VECTOR('',#1984,1.);
#1984 = DIRECTION('',(-1.,0.));
#1985 = ( GEOMETRIC_REPRESENTATION_CONTEXT(2) 
PARAMETRIC_REPRESENTATION_CONTEXT() REPRESENTATION_CONTEXT('2D SPACE',''
  ) );
#1986 = PCURVE('',#1486,#1987);
#1987 = DEFINITIONAL_REPRESENTATION('',(#1988),#1996);
#1988 = ( BOUNDED_CURVE() B_SPLINE_CURVE(2,(#1989,#1990,#1991,#1992,
#1993,#1994,#1995),.UNSPECIFIED.,.T.,.F.) B_SPLINE_CURVE_WITH_KNOTS((1,2
    ,2,2,2,1),(-2.094395102393,0.,2.094395102393,4.188790204786,
6.28318530718,8.377580409573),.UNSPECIFIED.) CURVE() 
GEOMETRIC_REPRESENTATION_ITEM() RATIONAL_B_SPLINE_CURVE((1.,0.5,1.,0.5,
1.,0.5,1.)) REPRESENTATION_ITEM('') );
#1989 = CARTESIAN_POINT('',(-162.4207632123,-283.9001742442));
#1990 = CARTESIAN_POINT('',(-349.5258534999,-16.86857931876));
#1991 = CARTESIAN_POINT('',(-24.7171635376,11.65338458491));
#1992 = CARTESIAN_POINT('',(300.09152642477,40.175348488583));
#1993 = CARTESIAN_POINT('',(162.38792674999,-255.3782103406));
#1994 = CARTESIAN_POINT('',(24.684327075205,-550.9317691698));
#1995 = CARTESIAN_POINT('',(-162.4207632123,-283.9001742442));
#1996 = ( GEOMETRIC_REPRESENTATION_CONTEXT(2) 
PARAMETRIC_REPRESENTATION_CONTEXT() REPRESENTATION_CONTEXT('2D SPACE',''
  ) );
#1997 = ORIENTED_EDGE('',*,*,#1447,.T.);
#1998 = ORIENTED_EDGE('',*,*,#1216,.F.);
#1999 = ORIENTED_EDGE('',*,*,#1650,.F.);
#2000 = ORIENTED_EDGE('',*,*,#2001,.T.);
#2001 = EDGE_CURVE('',#1623,#2002,#2004,.T.);
#2002 = VERTEX_POINT('',#2003);
#2003 = CARTESIAN_POINT('',(72.676711407159,2.,-173.6552853184));
#2004 = SURFACE_CURVE('',#2005,(#2010,#2017),.PCURVE_S1.);
#2005 = CIRCLE('',#2006,188.25);
#2006 = AXIS2_PLACEMENT_3D('',#2007,#2008,#2009);
#2007 = CARTESIAN_POINT('',(0.,2.,0.));
#2008 = DIRECTION('',(0.,1.,-0.));
#2009 = DIRECTION('',(0.529647477077,-0.,-0.848217867075));
#2010 = PCURVE('',#660,#2011);
#2011 = DEFINITIONAL_REPRESENTATION('',(#2012),#2016);
#2012 = LINE('',#2013,#2014);
#2013 = CARTESIAN_POINT('',(5.270573887557,-2.));
#2014 = VECTOR('',#2015,1.);
#2015 = DIRECTION('',(-1.,0.));
#2016 = ( GEOMETRIC_REPRESENTATION_CONTEXT(2) 
PARAMETRIC_REPRESENTATION_CONTEXT() REPRESENTATION_CONTEXT('2D SPACE',''
  ) );
#2017 = PCURVE('',#1638,#2018);
#2018 = DEFINITIONAL_REPRESENTATION('',(#2019),#2027);
#2019 = ( BOUNDED_CURVE() B_SPLINE_CURVE(2,(#2020,#2021,#2022,#2023,
#2024,#2025,#2026),.UNSPECIFIED.,.T.,.F.) B_SPLINE_CURVE_WITH_KNOTS((1,2
    ,2,2,2,1),(-2.094395102393,0.,2.094395102393,4.188790204786,
6.28318530718,8.377580409573),.UNSPECIFIED.) CURVE() 
GEOMETRIC_REPRESENTATION_ITEM() RATIONAL_B_SPLINE_CURVE((1.,0.5,1.,0.5,
1.,0.5,1.)) REPRESENTATION_ITEM('') );
#2020 = CARTESIAN_POINT('',(-30.40904281588,11.066272386501));
#2021 = CARTESIAN_POINT('',(293.3827389891,49.446860390705));
#2022 = CARTESIAN_POINT('',(164.72541231043,-250.1553421911));
#2023 = CARTESIAN_POINT('',(36.068085631768,-549.757544773));
#2024 = CARTESIAN_POINT('',(-159.0663694945,-288.5359301953));
#2025 = CARTESIAN_POINT('',(-354.2008246208,-27.3143156177));
#2026 = CARTESIAN_POINT('',(-30.40904281588,11.066272386501));
#2027 = ( GEOMETRIC_REPRESENTATION_CONTEXT(2) 
PARAMETRIC_REPRESENTATION_CONTEXT() REPRESENTATION_CONTEXT('2D SPACE',''
  ) );
#2028 = ORIENTED_EDGE('',*,*,#2029,.T.);
#2029 = EDGE_CURVE('',#2002,#612,#2030,.T.);
#2030 = SURFACE_CURVE('',#2031,(#2035,#2042),.PCURVE_S1.);
#2031 = LINE('',#2032,#2033);
#2032 = CARTESIAN_POINT('',(72.676711407159,0.,-173.6552853184));
#2033 = VECTOR('',#2034,1.);
#2034 = DIRECTION('',(-0.,-1.,-0.));
#2035 = PCURVE('',#660,#2036);
#2036 = DEFINITIONAL_REPRESENTATION('',(#2037),#2041);
#2037 = LINE('',#2038,#2039);
#2038 = CARTESIAN_POINT('',(5.108750888469,0.));
#2039 = VECTOR('',#2040,1.);
#2040 = DIRECTION('',(0.,1.));
#2041 = ( GEOMETRIC_REPRESENTATION_CONTEXT(2) 
PARAMETRIC_REPRESENTATION_CONTEXT() REPRESENTATION_CONTEXT('2D SPACE',''
  ) );
#2042 = PCURVE('',#627,#2043);
#2043 = DEFINITIONAL_REPRESENTATION('',(#2044),#2048);
#2044 = LINE('',#2045,#2046);
#2045 = CARTESIAN_POINT('',(-12.19413622389,2.));
#2046 = VECTOR('',#2047,1.);
#2047 = DIRECTION('',(-0.,1.));
#2048 = ( GEOMETRIC_REPRESENTATION_CONTEXT(2) 
PARAMETRIC_REPRESENTATION_CONTEXT() REPRESENTATION_CONTEXT('2D SPACE',''
  ) );
#2049 = ORIENTED_EDGE('',*,*,#639,.F.);
#2050 = ORIENTED_EDGE('',*,*,#2051,.F.);
#2051 = EDGE_CURVE('',#2052,#640,#2054,.T.);
#2052 = VERTEX_POINT('',#2053);
#2053 = CARTESIAN_POINT('',(40.723631921582,2.,-183.7924054554));
#2054 = SURFACE_CURVE('',#2055,(#2059,#2066),.PCURVE_S1.);
#2055 = LINE('',#2056,#2057);
#2056 = CARTESIAN_POINT('',(40.723631921582,0.,-183.7924054554));
#2057 = VECTOR('',#2058,1.);
#2058 = DIRECTION('',(-0.,-1.,-0.));
#2059 = PCURVE('',#660,#2060);
#2060 = DEFINITIONAL_REPRESENTATION('',(#2061),#2065);
#2061 = LINE('',#2062,#2063);
#2062 = CARTESIAN_POINT('',(4.93044019377,0.));
#2063 = VECTOR('',#2064,1.);
#2064 = DIRECTION('',(0.,1.));
#2065 = ( GEOMETRIC_REPRESENTATION_CONTEXT(2) 
PARAMETRIC_REPRESENTATION_CONTEXT() REPRESENTATION_CONTEXT('2D SPACE',''
  ) );
#2066 = PCURVE('',#688,#2067);
#2067 = DEFINITIONAL_REPRESENTATION('',(#2068),#2072);
#2068 = LINE('',#2069,#2070);
#2069 = CARTESIAN_POINT('',(-12.19413622389,2.));
#2070 = VECTOR('',#2071,1.);
#2071 = DIRECTION('',(-0.,1.));
#2072 = ( GEOMETRIC_REPRESENTATION_CONTEXT(2) 
PARAMETRIC_REPRESENTATION_CONTEXT() REPRESENTATION_CONTEXT('2D SPACE',''
  ) );
#2073 = ORIENTED_EDGE('',*,*,#2074,.T.);
#2074 = EDGE_CURVE('',#2052,#2075,#2077,.T.);
#2075 = VERTEX_POINT('',#2076);
#2076 = CARTESIAN_POINT('',(24.473386669574,2.,-186.6523930865));
#2077 = SURFACE_CURVE('',#2078,(#2083,#2090),.PCURVE_S1.);
#2078 = CIRCLE('',#2079,188.25);
#2079 = AXIS2_PLACEMENT_3D('',#2080,#2081,#2082);
#2080 = CARTESIAN_POINT('',(0.,2.,0.));
#2081 = DIRECTION('',(0.,1.,0.));
#2082 = DIRECTION('',(1.,-0.,-0.));
#2083 = PCURVE('',#660,#2084);
#2084 = DEFINITIONAL_REPRESENTATION('',(#2085),#2089);
#2085 = LINE('',#2086,#2087);
#2086 = CARTESIAN_POINT('',(6.28318530718,-2.));
#2087 = VECTOR('',#2088,1.);
#2088 = DIRECTION('',(-1.,0.));
#2089 = ( GEOMETRIC_REPRESENTATION_CONTEXT(2) 
PARAMETRIC_REPRESENTATION_CONTEXT() REPRESENTATION_CONTEXT('2D SPACE',''
  ) );
#2090 = PCURVE('',#2091,#2096);
#2091 = PLANE('',#2092);
#2092 = AXIS2_PLACEMENT_3D('',#2093,#2094,#2095);
#2093 = CARTESIAN_POINT('',(22.359745531919,2.,-174.6428352516));
#2094 = DIRECTION('',(-0.,-1.,0.));
#2095 = DIRECTION('',(-0.984863348607,0.,-0.173332583698));
#2096 = DEFINITIONAL_REPRESENTATION('',(#2097),#2105);
#2097 = ( BOUNDED_CURVE() B_SPLINE_CURVE(2,(#2098,#2099,#2100,#2101,
#2102,#2103,#2104),.UNSPECIFIED.,.T.,.F.) B_SPLINE_CURVE_WITH_KNOTS((1,2
    ,2,2,2,1),(-2.094395102393,0.,2.094395102393,4.188790204786,
6.28318530718,8.377580409573),.UNSPECIFIED.) CURVE() 
GEOMETRIC_REPRESENTATION_ITEM() RATIONAL_B_SPLINE_CURVE((1.,0.5,1.,0.5,
1.,0.5,1.)) REPRESENTATION_ITEM('') );
#2098 = CARTESIAN_POINT('',(-193.6505253751,-143.2451411188));
#2099 = CARTESIAN_POINT('',(-137.1339519491,177.87798858096));
#2100 = CARTESIAN_POINT('',(112.7085494006,-31.6283645907));
#2101 = CARTESIAN_POINT('',(362.55105075036,-241.1347177623));
#2102 = CARTESIAN_POINT('',(56.191975974581,-352.7514942904));
#2103 = CARTESIAN_POINT('',(-250.1670988012,-464.3682708185));
#2104 = CARTESIAN_POINT('',(-193.6505253751,-143.2451411188));
#2105 = ( GEOMETRIC_REPRESENTATION_CONTEXT(2) 
PARAMETRIC_REPRESENTATION_CONTEXT() REPRESENTATION_CONTEXT('2D SPACE',''
  ) );
#2106 = ORIENTED_EDGE('',*,*,#2107,.T.);
#2107 = EDGE_CURVE('',#2075,#729,#2108,.T.);
#2108 = SURFACE_CURVE('',#2109,(#2113,#2120),.PCURVE_S1.);
#2109 = LINE('',#2110,#2111);
#2110 = CARTESIAN_POINT('',(24.473386669574,0.,-186.6523930865));
#2111 = VECTOR('',#2112,1.);
#2112 = DIRECTION('',(-0.,-1.,-0.));
#2113 = PCURVE('',#660,#2114);
#2114 = DEFINITIONAL_REPRESENTATION('',(#2115),#2119);
#2115 = LINE('',#2116,#2117);
#2116 = CARTESIAN_POINT('',(4.842762710465,0.));
#2117 = VECTOR('',#2118,1.);
#2118 = DIRECTION('',(0.,1.));
#2119 = ( GEOMETRIC_REPRESENTATION_CONTEXT(2) 
PARAMETRIC_REPRESENTATION_CONTEXT() REPRESENTATION_CONTEXT('2D SPACE',''
  ) );
#2120 = PCURVE('',#744,#2121);
#2121 = DEFINITIONAL_REPRESENTATION('',(#2122),#2126);
#2122 = LINE('',#2123,#2124);
#2123 = CARTESIAN_POINT('',(-12.19413622389,2.));
#2124 = VECTOR('',#2125,1.);
#2125 = DIRECTION('',(-0.,1.));
#2126 = ( GEOMETRIC_REPRESENTATION_CONTEXT(2) 
PARAMETRIC_REPRESENTATION_CONTEXT() REPRESENTATION_CONTEXT('2D SPACE',''
  ) );
#2127 = ORIENTED_EDGE('',*,*,#756,.F.);
#2128 = ORIENTED_EDGE('',*,*,#2129,.F.);
#2129 = EDGE_CURVE('',#2130,#757,#2132,.T.);
#2130 = VERTEX_POINT('',#2131);
#2131 = CARTESIAN_POINT('',(8.255381102981,2.,-188.0689000947));
#2132 = SURFACE_CURVE('',#2133,(#2137,#2144),.PCURVE_S1.);
#2133 = LINE('',#2134,#2135);
#2134 = CARTESIAN_POINT('',(8.255381102981,0.,-188.0689000947));
#2135 = VECTOR('',#2136,1.);
#2136 = DIRECTION('',(-0.,-1.,-0.));
#2137 = PCURVE('',#660,#2138);
#2138 = DEFINITIONAL_REPRESENTATION('',(#2139),#2143);
#2139 = LINE('',#2140,#2141);
#2140 = CARTESIAN_POINT('',(4.756256334421,0.));
#2141 = VECTOR('',#2142,1.);
#2142 = DIRECTION('',(0.,1.));
#2143 = ( GEOMETRIC_REPRESENTATION_CONTEXT(2) 
PARAMETRIC_REPRESENTATION_CONTEXT() REPRESENTATION_CONTEXT('2D SPACE',''
  ) );
#2144 = PCURVE('',#800,#2145);
#2145 = DEFINITIONAL_REPRESENTATION('',(#2146),#2150);
#2146 = LINE('',#2147,#2148);
#2147 = CARTESIAN_POINT('',(-12.19413622389,2.));
#2148 = VECTOR('',#2149,1.);
#2149 = DIRECTION('',(-0.,1.));
#2150 = ( GEOMETRIC_REPRESENTATION_CONTEXT(2) 
PARAMETRIC_REPRESENTATION_CONTEXT() REPRESENTATION_CONTEXT('2D SPACE',''
  ) );
#2151 = ORIENTED_EDGE('',*,*,#2152,.T.);
#2152 = EDGE_CURVE('',#2130,#2153,#2155,.T.);
#2153 = VERTEX_POINT('',#2154);
#2154 = CARTESIAN_POINT('',(-8.244618890265,2.,-188.069372199));
#2155 = SURFACE_CURVE('',#2156,(#2161,#2168),.PCURVE_S1.);
#2156 = CIRCLE('',#2157,188.25);
#2157 = AXIS2_PLACEMENT_3D('',#2158,#2159,#2160);
#2158 = CARTESIAN_POINT('',(0.,2.,0.));
#2159 = DIRECTION('',(0.,1.,0.));
#2160 = DIRECTION('',(1.,-0.,-0.));
#2161 = PCURVE('',#660,#2162);
#2162 = DEFINITIONAL_REPRESENTATION('',(#2163),#2167);
#2163 = LINE('',#2164,#2165);
#2164 = CARTESIAN_POINT('',(6.28318530718,-2.));
#2165 = VECTOR('',#2166,1.);
#2166 = DIRECTION('',(-1.,0.));
#2167 = ( GEOMETRIC_REPRESENTATION_CONTEXT(2) 
PARAMETRIC_REPRESENTATION_CONTEXT() REPRESENTATION_CONTEXT('2D SPACE',''
  ) );
#2168 = PCURVE('',#2169,#2174);
#2169 = PLANE('',#2170);
#2170 = AXIS2_PLACEMENT_3D('',#2171,#2172,#2173);
#2171 = CARTESIAN_POINT('',(-8.244967793574,2.,-175.8752359801));
#2172 = DIRECTION('',(-0.,-1.,0.));
#2173 = DIRECTION('',(-0.999999999591,0.,-2.861238407126E-05));
#2174 = DEFINITIONAL_REPRESENTATION('',(#2175),#2183);
#2175 = ( BOUNDED_CURVE() B_SPLINE_CURVE(2,(#2176,#2177,#2178,#2179,
#2180,#2181,#2182),.UNSPECIFIED.,.T.,.F.) B_SPLINE_CURVE_WITH_KNOTS((1,2
    ,2,2,2,1),(-2.094395102393,0.,2.094395102393,4.188790204786,
6.28318530718,8.377580409573),.UNSPECIFIED.) CURVE() 
GEOMETRIC_REPRESENTATION_ITEM() RATIONAL_B_SPLINE_CURVE((1.,0.5,1.,0.5,
1.,0.5,1.)) REPRESENTATION_ITEM('') );
#2176 = CARTESIAN_POINT('',(-196.4999999229,-175.8696137186));
#2177 = CARTESIAN_POINT('',(-196.49067061,150.18895067267));
#2178 = CARTESIAN_POINT('',(85.87966461791,-12.84841094496));
#2179 = CARTESIAN_POINT('',(368.24999984588,-175.8857725626));
#2180 = CARTESIAN_POINT('',(85.870335305033,-338.9069753363));
#2181 = CARTESIAN_POINT('',(-196.5093292358,-501.92817811));
#2182 = CARTESIAN_POINT('',(-196.4999999229,-175.8696137186));
#2183 = ( GEOMETRIC_REPRESENTATION_CONTEXT(2) 
PARAMETRIC_REPRESENTATION_CONTEXT() REPRESENTATION_CONTEXT('2D SPACE',''
  ) );
#2184 = ORIENTED_EDGE('',*,*,#2185,.T.);
#2185 = EDGE_CURVE('',#2153,#841,#2186,.T.);
#2186 = SURFACE_CURVE('',#2187,(#2191,#2198),.PCURVE_S1.);
#2187 = LINE('',#2188,#2189);
#2188 = CARTESIAN_POINT('',(-8.244618890265,0.,-188.069372199));
#2189 = VECTOR('',#2190,1.);
#2190 = DIRECTION('',(-0.,-1.,-0.));
#2191 = PCURVE('',#660,#2192);
#2192 = DEFINITIONAL_REPRESENTATION('',(#2193),#2197);
#2193 = LINE('',#2194,#2195);
#2194 = CARTESIAN_POINT('',(4.668578851116,0.));
#2195 = VECTOR('',#2196,1.);
#2196 = DIRECTION('',(0.,1.));
#2197 = ( GEOMETRIC_REPRESENTATION_CONTEXT(2) 
PARAMETRIC_REPRESENTATION_CONTEXT() REPRESENTATION_CONTEXT('2D SPACE',''
  ) );
#2198 = PCURVE('',#856,#2199);
#2199 = DEFINITIONAL_REPRESENTATION('',(#2200),#2204);
#2200 = LINE('',#2201,#2202);
#2201 = CARTESIAN_POINT('',(-12.19413622389,2.));
#2202 = VECTOR('',#2203,1.);
#2203 = DIRECTION('',(-0.,1.));
#2204 = ( GEOMETRIC_REPRESENTATION_CONTEXT(2) 
PARAMETRIC_REPRESENTATION_CONTEXT() REPRESENTATION_CONTEXT('2D SPACE',''
  ) );
#2205 = ADVANCED_FACE('',(#2206),#543,.T.);
#2206 = FACE_BOUND('',#2207,.F.);
#2207 = EDGE_LOOP('',(#2208,#2231,#2252,#2253));
#2208 = ORIENTED_EDGE('',*,*,#2209,.F.);
#2209 = EDGE_CURVE('',#2210,#528,#2212,.T.);
#2210 = VERTEX_POINT('',#2211);
#2211 = CARTESIAN_POINT('',(92.046414699127,2.,-176.0562829336));
#2212 = SURFACE_CURVE('',#2213,(#2217,#2224),.PCURVE_S1.);
#2213 = LINE('',#2214,#2215);
#2214 = CARTESIAN_POINT('',(92.046414699128,2.,-176.0562829336));
#2215 = VECTOR('',#2216,1.);
#2216 = DIRECTION('',(-0.,-1.,-0.));
#2217 = PCURVE('',#543,#2218);
#2218 = DEFINITIONAL_REPRESENTATION('',(#2219),#2223);
#2219 = LINE('',#2220,#2221);
#2220 = CARTESIAN_POINT('',(-22.62007479875,-0.));
#2221 = VECTOR('',#2222,1.);
#2222 = DIRECTION('',(-0.,1.));
#2223 = ( GEOMETRIC_REPRESENTATION_CONTEXT(2) 
PARAMETRIC_REPRESENTATION_CONTEXT() REPRESENTATION_CONTEXT('2D SPACE',''
  ) );
#2224 = PCURVE('',#571,#2225);
#2225 = DEFINITIONAL_REPRESENTATION('',(#2226),#2230);
#2226 = LINE('',#2227,#2228);
#2227 = CARTESIAN_POINT('',(-22.62007479875,-0.));
#2228 = VECTOR('',#2229,1.);
#2229 = DIRECTION('',(-0.,1.));
#2230 = ( GEOMETRIC_REPRESENTATION_CONTEXT(2) 
PARAMETRIC_REPRESENTATION_CONTEXT() REPRESENTATION_CONTEXT('2D SPACE',''
  ) );
#2231 = ORIENTED_EDGE('',*,*,#2232,.T.);
#2232 = EDGE_CURVE('',#2210,#1923,#2233,.T.);
#2233 = SURFACE_CURVE('',#2234,(#2238,#2245),.PCURVE_S1.);
#2234 = LINE('',#2235,#2236);
#2235 = CARTESIAN_POINT('',(80.742655422578,2.,-156.4631001875));
#2236 = VECTOR('',#2237,1.);
#2237 = DIRECTION('',(0.49972245349,0.,-0.866185586049));
#2238 = PCURVE('',#543,#2239);
#2239 = DEFINITIONAL_REPRESENTATION('',(#2240),#2244);
#2240 = LINE('',#2241,#2242);
#2241 = CARTESIAN_POINT('',(-0.,-0.));
#2242 = VECTOR('',#2243,1.);
#2243 = DIRECTION('',(-1.,0.));
#2244 = ( GEOMETRIC_REPRESENTATION_CONTEXT(2) 
PARAMETRIC_REPRESENTATION_CONTEXT() REPRESENTATION_CONTEXT('2D SPACE',''
  ) );
#2245 = PCURVE('',#1638,#2246);
#2246 = DEFINITIONAL_REPRESENTATION('',(#2247),#2251);
#2247 = LINE('',#2248,#2249);
#2248 = CARTESIAN_POINT('',(-14.62293779206,7.80158562178E-02));
#2249 = VECTOR('',#2250,1.);
#2250 = DIRECTION('',(-8.298213974238E-02,0.996551034561));
#2251 = ( GEOMETRIC_REPRESENTATION_CONTEXT(2) 
PARAMETRIC_REPRESENTATION_CONTEXT() REPRESENTATION_CONTEXT('2D SPACE',''
  ) );
#2252 = ORIENTED_EDGE('',*,*,#1945,.T.);
#2253 = ORIENTED_EDGE('',*,*,#527,.T.);
#2254 = ADVANCED_FACE('',(#2255),#856,.T.);
#2255 = FACE_BOUND('',#2256,.F.);
#2256 = EDGE_LOOP('',(#2257,#2258,#2281,#2302));
#2257 = ORIENTED_EDGE('',*,*,#2185,.F.);
#2258 = ORIENTED_EDGE('',*,*,#2259,.T.);
#2259 = EDGE_CURVE('',#2153,#2260,#2262,.T.);
#2260 = VERTEX_POINT('',#2261);
#2261 = CARTESIAN_POINT('',(-8.243873369884,2.,-214.1252359645));
#2262 = SURFACE_CURVE('',#2263,(#2267,#2274),.PCURVE_S1.);
#2263 = LINE('',#2264,#2265);
#2264 = CARTESIAN_POINT('',(-8.244967793574,2.,-175.8752359801));
#2265 = VECTOR('',#2266,1.);
#2266 = DIRECTION('',(2.861238407126E-05,0.,-0.999999999591));
#2267 = PCURVE('',#856,#2268);
#2268 = DEFINITIONAL_REPRESENTATION('',(#2269),#2273);
#2269 = LINE('',#2270,#2271);
#2270 = CARTESIAN_POINT('',(-0.,-0.));
#2271 = VECTOR('',#2272,1.);
#2272 = DIRECTION('',(-1.,0.));
#2273 = ( GEOMETRIC_REPRESENTATION_CONTEXT(2) 
PARAMETRIC_REPRESENTATION_CONTEXT() REPRESENTATION_CONTEXT('2D SPACE',''
  ) );
#2274 = PCURVE('',#2169,#2275);
#2275 = DEFINITIONAL_REPRESENTATION('',(#2276),#2280);
#2276 = LINE('',#2277,#2278);
#2277 = CARTESIAN_POINT('',(-0.,0.));
#2278 = VECTOR('',#2279,1.);
#2279 = DIRECTION('',(-0.,1.));
#2280 = ( GEOMETRIC_REPRESENTATION_CONTEXT(2) 
PARAMETRIC_REPRESENTATION_CONTEXT() REPRESENTATION_CONTEXT('2D SPACE',''
  ) );
#2281 = ORIENTED_EDGE('',*,*,#2282,.T.);
#2282 = EDGE_CURVE('',#2260,#813,#2283,.T.);
#2283 = SURFACE_CURVE('',#2284,(#2288,#2295),.PCURVE_S1.);
#2284 = LINE('',#2285,#2286);
#2285 = CARTESIAN_POINT('',(-8.243873369884,2.,-214.1252359645));
#2286 = VECTOR('',#2287,1.);
#2287 = DIRECTION('',(-0.,-1.,0.));
#2288 = PCURVE('',#856,#2289);
#2289 = DEFINITIONAL_REPRESENTATION('',(#2290),#2294);
#2290 = LINE('',#2291,#2292);
#2291 = CARTESIAN_POINT('',(-38.25,-0.));
#2292 = VECTOR('',#2293,1.);
#2293 = DIRECTION('',(-0.,1.));
#2294 = ( GEOMETRIC_REPRESENTATION_CONTEXT(2) 
PARAMETRIC_REPRESENTATION_CONTEXT() REPRESENTATION_CONTEXT('2D SPACE',''
  ) );
#2295 = PCURVE('',#828,#2296);
#2296 = DEFINITIONAL_REPRESENTATION('',(#2297),#2301);
#2297 = LINE('',#2298,#2299);
#2298 = CARTESIAN_POINT('',(-0.,0.));
#2299 = VECTOR('',#2300,1.);
#2300 = DIRECTION('',(-0.,-1.));
#2301 = ( GEOMETRIC_REPRESENTATION_CONTEXT(2) 
PARAMETRIC_REPRESENTATION_CONTEXT() REPRESENTATION_CONTEXT('2D SPACE',''
  ) );
#2302 = ORIENTED_EDGE('',*,*,#840,.T.);
#2303 = ADVANCED_FACE('',(#2304),#571,.F.);
#2304 = FACE_BOUND('',#2305,.T.);
#2305 = EDGE_LOOP('',(#2306,#2329,#2330,#2331));
#2306 = ORIENTED_EDGE('',*,*,#2307,.T.);
#2307 = EDGE_CURVE('',#2308,#556,#2310,.T.);
#2308 = VERTEX_POINT('',#2309);
#2309 = CARTESIAN_POINT('',(98.706653972562,2.,-190.1961476648));
#2310 = SURFACE_CURVE('',#2311,(#2315,#2322),.PCURVE_S1.);
#2311 = LINE('',#2312,#2313);
#2312 = CARTESIAN_POINT('',(98.706653972562,2.,-190.1961476648));
#2313 = VECTOR('',#2314,1.);
#2314 = DIRECTION('',(-0.,-1.,0.));
#2315 = PCURVE('',#571,#2316);
#2316 = DEFINITIONAL_REPRESENTATION('',(#2317),#2321);
#2317 = LINE('',#2318,#2319);
#2318 = CARTESIAN_POINT('',(-38.25,-0.));
#2319 = VECTOR('',#2320,1.);
#2320 = DIRECTION('',(-0.,1.));
#2321 = ( GEOMETRIC_REPRESENTATION_CONTEXT(2) 
PARAMETRIC_REPRESENTATION_CONTEXT() REPRESENTATION_CONTEXT('2D SPACE',''
  ) );
#2322 = PCURVE('',#599,#2323);
#2323 = DEFINITIONAL_REPRESENTATION('',(#2324),#2328);
#2324 = LINE('',#2325,#2326);
#2325 = CARTESIAN_POINT('',(-16.5,0.));
#2326 = VECTOR('',#2327,1.);
#2327 = DIRECTION('',(-0.,-1.));
#2328 = ( GEOMETRIC_REPRESENTATION_CONTEXT(2) 
PARAMETRIC_REPRESENTATION_CONTEXT() REPRESENTATION_CONTEXT('2D SPACE',''
  ) );
#2329 = ORIENTED_EDGE('',*,*,#555,.T.);
#2330 = ORIENTED_EDGE('',*,*,#2209,.F.);
#2331 = ORIENTED_EDGE('',*,*,#2332,.T.);
#2332 = EDGE_CURVE('',#2210,#2308,#2333,.T.);
#2333 = SURFACE_CURVE('',#2334,(#2338,#2345),.PCURVE_S1.);
#2334 = LINE('',#2335,#2336);
#2335 = CARTESIAN_POINT('',(82.407525926287,2.,-155.5926662658));
#2336 = VECTOR('',#2337,1.);
#2337 = DIRECTION('',(0.426120994674,0.,-0.904666180366));
#2338 = PCURVE('',#571,#2339);
#2339 = DEFINITIONAL_REPRESENTATION('',(#2340),#2344);
#2340 = LINE('',#2341,#2342);
#2341 = CARTESIAN_POINT('',(-0.,-0.));
#2342 = VECTOR('',#2343,1.);
#2343 = DIRECTION('',(-1.,0.));
#2344 = ( GEOMETRIC_REPRESENTATION_CONTEXT(2) 
PARAMETRIC_REPRESENTATION_CONTEXT() REPRESENTATION_CONTEXT('2D SPACE',''
  ) );
#2345 = PCURVE('',#1638,#2346);
#2346 = DEFINITIONAL_REPRESENTATION('',(#2347),#2351);
#2347 = LINE('',#2348,#2349);
#2348 = CARTESIAN_POINT('',(-16.5,-1.7763568394E-15));
#2349 = VECTOR('',#2350,1.);
#2350 = DIRECTION('',(-0.,1.));
#2351 = ( GEOMETRIC_REPRESENTATION_CONTEXT(2) 
PARAMETRIC_REPRESENTATION_CONTEXT() REPRESENTATION_CONTEXT('2D SPACE',''
  ) );
#2352 = ADVANCED_FACE('',(#2353),#828,.F.);
#2353 = FACE_BOUND('',#2354,.T.);
#2354 = EDGE_LOOP('',(#2355,#2378,#2399,#2400));
#2355 = ORIENTED_EDGE('',*,*,#2356,.F.);
#2356 = EDGE_CURVE('',#2357,#785,#2359,.T.);
#2357 = VERTEX_POINT('',#2358);
#2358 = CARTESIAN_POINT('',(8.256126623362,2.,-214.1247638601));
#2359 = SURFACE_CURVE('',#2360,(#2364,#2371),.PCURVE_S1.);
#2360 = LINE('',#2361,#2362);
#2361 = CARTESIAN_POINT('',(8.256126623362,2.,-214.1247638601));
#2362 = VECTOR('',#2363,1.);
#2363 = DIRECTION('',(-0.,-1.,0.));
#2364 = PCURVE('',#828,#2365);
#2365 = DEFINITIONAL_REPRESENTATION('',(#2366),#2370);
#2366 = LINE('',#2367,#2368);
#2367 = CARTESIAN_POINT('',(-16.5,0.));
#2368 = VECTOR('',#2369,1.);
#2369 = DIRECTION('',(-0.,-1.));
#2370 = ( GEOMETRIC_REPRESENTATION_CONTEXT(2) 
PARAMETRIC_REPRESENTATION_CONTEXT() REPRESENTATION_CONTEXT('2D SPACE',''
  ) );
#2371 = PCURVE('',#800,#2372);
#2372 = DEFINITIONAL_REPRESENTATION('',(#2373),#2377);
#2373 = LINE('',#2374,#2375);
#2374 = CARTESIAN_POINT('',(-38.25,-0.));
#2375 = VECTOR('',#2376,1.);
#2376 = DIRECTION('',(-0.,1.));
#2377 = ( GEOMETRIC_REPRESENTATION_CONTEXT(2) 
PARAMETRIC_REPRESENTATION_CONTEXT() REPRESENTATION_CONTEXT('2D SPACE',''
  ) );
#2378 = ORIENTED_EDGE('',*,*,#2379,.F.);
#2379 = EDGE_CURVE('',#2260,#2357,#2380,.T.);
#2380 = SURFACE_CURVE('',#2381,(#2385,#2392),.PCURVE_S1.);
#2381 = LINE('',#2382,#2383);
#2382 = CARTESIAN_POINT('',(-8.243873369884,2.,-214.1252359645));
#2383 = VECTOR('',#2384,1.);
#2384 = DIRECTION('',(0.999999999591,0.,2.861238407126E-05));
#2385 = PCURVE('',#828,#2386);
#2386 = DEFINITIONAL_REPRESENTATION('',(#2387),#2391);
#2387 = LINE('',#2388,#2389);
#2388 = CARTESIAN_POINT('',(-0.,0.));
#2389 = VECTOR('',#2390,1.);
#2390 = DIRECTION('',(-1.,0.));
#2391 = ( GEOMETRIC_REPRESENTATION_CONTEXT(2) 
PARAMETRIC_REPRESENTATION_CONTEXT() REPRESENTATION_CONTEXT('2D SPACE',''
  ) );
#2392 = PCURVE('',#2169,#2393);
#2393 = DEFINITIONAL_REPRESENTATION('',(#2394),#2398);
#2394 = LINE('',#2395,#2396);
#2395 = CARTESIAN_POINT('',(-0.,38.25));
#2396 = VECTOR('',#2397,1.);
#2397 = DIRECTION('',(-1.,0.));
#2398 = ( GEOMETRIC_REPRESENTATION_CONTEXT(2) 
PARAMETRIC_REPRESENTATION_CONTEXT() REPRESENTATION_CONTEXT('2D SPACE',''
  ) );
#2399 = ORIENTED_EDGE('',*,*,#2282,.T.);
#2400 = ORIENTED_EDGE('',*,*,#812,.T.);
#2401 = ADVANCED_FACE('',(#2402),#599,.F.);
#2402 = FACE_BOUND('',#2403,.T.);
#2403 = EDGE_LOOP('',(#2404,#2405,#2428,#2449));
#2404 = ORIENTED_EDGE('',*,*,#2307,.F.);
#2405 = ORIENTED_EDGE('',*,*,#2406,.F.);
#2406 = EDGE_CURVE('',#2407,#2308,#2409,.T.);
#2407 = VERTEX_POINT('',#2408);
#2408 = CARTESIAN_POINT('',(83.779661996522,2.,-197.2271440769));
#2409 = SURFACE_CURVE('',#2410,(#2414,#2421),.PCURVE_S1.);
#2410 = LINE('',#2411,#2412);
#2411 = CARTESIAN_POINT('',(83.779661996522,2.,-197.2271440769));
#2412 = VECTOR('',#2413,1.);
#2413 = DIRECTION('',(0.904666180366,0.,0.426120994674));
#2414 = PCURVE('',#599,#2415);
#2415 = DEFINITIONAL_REPRESENTATION('',(#2416),#2420);
#2416 = LINE('',#2417,#2418);
#2417 = CARTESIAN_POINT('',(-0.,0.));
#2418 = VECTOR('',#2419,1.);
#2419 = DIRECTION('',(-1.,0.));
#2420 = ( GEOMETRIC_REPRESENTATION_CONTEXT(2) 
PARAMETRIC_REPRESENTATION_CONTEXT() REPRESENTATION_CONTEXT('2D SPACE',''
  ) );
#2421 = PCURVE('',#1638,#2422);
#2422 = DEFINITIONAL_REPRESENTATION('',(#2423),#2427);
#2423 = LINE('',#2424,#2425);
#2424 = CARTESIAN_POINT('',(-3.552713678801E-15,38.25));
#2425 = VECTOR('',#2426,1.);
#2426 = DIRECTION('',(-1.,0.));
#2427 = ( GEOMETRIC_REPRESENTATION_CONTEXT(2) 
PARAMETRIC_REPRESENTATION_CONTEXT() REPRESENTATION_CONTEXT('2D SPACE',''
  ) );
#2428 = ORIENTED_EDGE('',*,*,#2429,.T.);
#2429 = EDGE_CURVE('',#2407,#584,#2430,.T.);
#2430 = SURFACE_CURVE('',#2431,(#2435,#2442),.PCURVE_S1.);
#2431 = LINE('',#2432,#2433);
#2432 = CARTESIAN_POINT('',(83.779661996522,2.,-197.2271440769));
#2433 = VECTOR('',#2434,1.);
#2434 = DIRECTION('',(-0.,-1.,0.));
#2435 = PCURVE('',#599,#2436);
#2436 = DEFINITIONAL_REPRESENTATION('',(#2437),#2441);
#2437 = LINE('',#2438,#2439);
#2438 = CARTESIAN_POINT('',(-0.,0.));
#2439 = VECTOR('',#2440,1.);
#2440 = DIRECTION('',(-0.,-1.));
#2441 = ( GEOMETRIC_REPRESENTATION_CONTEXT(2) 
PARAMETRIC_REPRESENTATION_CONTEXT() REPRESENTATION_CONTEXT('2D SPACE',''
  ) );
#2442 = PCURVE('',#627,#2443);
#2443 = DEFINITIONAL_REPRESENTATION('',(#2444),#2448);
#2444 = LINE('',#2445,#2446);
#2445 = CARTESIAN_POINT('',(-38.25,-0.));
#2446 = VECTOR('',#2447,1.);
#2447 = DIRECTION('',(-0.,1.));
#2448 = ( GEOMETRIC_REPRESENTATION_CONTEXT(2) 
PARAMETRIC_REPRESENTATION_CONTEXT() REPRESENTATION_CONTEXT('2D SPACE',''
  ) );
#2449 = ORIENTED_EDGE('',*,*,#583,.T.);
#2450 = ADVANCED_FACE('',(#2451),#800,.F.);
#2451 = FACE_BOUND('',#2452,.T.);
#2452 = EDGE_LOOP('',(#2453,#2454,#2475,#2476));
#2453 = ORIENTED_EDGE('',*,*,#2129,.F.);
#2454 = ORIENTED_EDGE('',*,*,#2455,.T.);
#2455 = EDGE_CURVE('',#2130,#2357,#2456,.T.);
#2456 = SURFACE_CURVE('',#2457,(#2461,#2468),.PCURVE_S1.);
#2457 = LINE('',#2458,#2459);
#2458 = CARTESIAN_POINT('',(8.255032199672,2.,-175.8747638758));
#2459 = VECTOR('',#2460,1.);
#2460 = DIRECTION('',(2.861238407126E-05,0.,-0.999999999591));
#2461 = PCURVE('',#800,#2462);
#2462 = DEFINITIONAL_REPRESENTATION('',(#2463),#2467);
#2463 = LINE('',#2464,#2465);
#2464 = CARTESIAN_POINT('',(-0.,-0.));
#2465 = VECTOR('',#2466,1.);
#2466 = DIRECTION('',(-1.,0.));
#2467 = ( GEOMETRIC_REPRESENTATION_CONTEXT(2) 
PARAMETRIC_REPRESENTATION_CONTEXT() REPRESENTATION_CONTEXT('2D SPACE',''
  ) );
#2468 = PCURVE('',#2169,#2469);
#2469 = DEFINITIONAL_REPRESENTATION('',(#2470),#2474);
#2470 = LINE('',#2471,#2472);
#2471 = CARTESIAN_POINT('',(-16.5,0.));
#2472 = VECTOR('',#2473,1.);
#2473 = DIRECTION('',(-0.,1.));
#2474 = ( GEOMETRIC_REPRESENTATION_CONTEXT(2) 
PARAMETRIC_REPRESENTATION_CONTEXT() REPRESENTATION_CONTEXT('2D SPACE',''
  ) );
#2475 = ORIENTED_EDGE('',*,*,#2356,.T.);
#2476 = ORIENTED_EDGE('',*,*,#784,.T.);
#2477 = ADVANCED_FACE('',(#2478),#627,.T.);
#2478 = FACE_BOUND('',#2479,.F.);
#2479 = EDGE_LOOP('',(#2480,#2481,#2502,#2503));
#2480 = ORIENTED_EDGE('',*,*,#2029,.F.);
#2481 = ORIENTED_EDGE('',*,*,#2482,.T.);
#2482 = EDGE_CURVE('',#2002,#2407,#2483,.T.);
#2483 = SURFACE_CURVE('',#2484,(#2488,#2495),.PCURVE_S1.);
#2484 = LINE('',#2485,#2486);
#2485 = CARTESIAN_POINT('',(67.480533950247,2.,-162.6236626779));
#2486 = VECTOR('',#2487,1.);
#2487 = DIRECTION('',(0.426120994674,0.,-0.904666180366));
#2488 = PCURVE('',#627,#2489);
#2489 = DEFINITIONAL_REPRESENTATION('',(#2490),#2494);
#2490 = LINE('',#2491,#2492);
#2491 = CARTESIAN_POINT('',(-0.,-0.));
#2492 = VECTOR('',#2493,1.);
#2493 = DIRECTION('',(-1.,0.));
#2494 = ( GEOMETRIC_REPRESENTATION_CONTEXT(2) 
PARAMETRIC_REPRESENTATION_CONTEXT() REPRESENTATION_CONTEXT('2D SPACE',''
  ) );
#2495 = PCURVE('',#1638,#2496);
#2496 = DEFINITIONAL_REPRESENTATION('',(#2497),#2501);
#2497 = LINE('',#2498,#2499);
#2498 = CARTESIAN_POINT('',(-0.,0.));
#2499 = VECTOR('',#2500,1.);
#2500 = DIRECTION('',(-0.,1.));
#2501 = ( GEOMETRIC_REPRESENTATION_CONTEXT(2) 
PARAMETRIC_REPRESENTATION_CONTEXT() REPRESENTATION_CONTEXT('2D SPACE',''
  ) );
#2502 = ORIENTED_EDGE('',*,*,#2429,.T.);
#2503 = ORIENTED_EDGE('',*,*,#611,.T.);
#2504 = ADVANCED_FACE('',(#2505),#744,.T.);
#2505 = FACE_BOUND('',#2506,.F.);
#2506 = EDGE_LOOP('',(#2507,#2508,#2531,#2552));
#2507 = ORIENTED_EDGE('',*,*,#2107,.F.);
#2508 = ORIENTED_EDGE('',*,*,#2509,.T.);
#2509 = EDGE_CURVE('',#2075,#2510,#2512,.T.);
#2510 = VERTEX_POINT('',#2511);
#2511 = CARTESIAN_POINT('',(28.989716858376,2.,-212.3138583358));
#2512 = SURFACE_CURVE('',#2513,(#2517,#2524),.PCURVE_S1.);
#2513 = LINE('',#2514,#2515);
#2514 = CARTESIAN_POINT('',(22.359745531919,2.,-174.6428352516));
#2515 = VECTOR('',#2516,1.);
#2516 = DIRECTION('',(0.173332583698,0.,-0.984863348607));
#2517 = PCURVE('',#744,#2518);
#2518 = DEFINITIONAL_REPRESENTATION('',(#2519),#2523);
#2519 = LINE('',#2520,#2521);
#2520 = CARTESIAN_POINT('',(-0.,-0.));
#2521 = VECTOR('',#2522,1.);
#2522 = DIRECTION('',(-1.,0.));
#2523 = ( GEOMETRIC_REPRESENTATION_CONTEXT(2) 
PARAMETRIC_REPRESENTATION_CONTEXT() REPRESENTATION_CONTEXT('2D SPACE',''
  ) );
#2524 = PCURVE('',#2091,#2525);
#2525 = DEFINITIONAL_REPRESENTATION('',(#2526),#2530);
#2526 = LINE('',#2527,#2528);
#2527 = CARTESIAN_POINT('',(-0.,0.));
#2528 = VECTOR('',#2529,1.);
#2529 = DIRECTION('',(-0.,1.));
#2530 = ( GEOMETRIC_REPRESENTATION_CONTEXT(2) 
PARAMETRIC_REPRESENTATION_CONTEXT() REPRESENTATION_CONTEXT('2D SPACE',''
  ) );
#2531 = ORIENTED_EDGE('',*,*,#2532,.T.);
#2532 = EDGE_CURVE('',#2510,#701,#2533,.T.);
#2533 = SURFACE_CURVE('',#2534,(#2538,#2545),.PCURVE_S1.);
#2534 = LINE('',#2535,#2536);
#2535 = CARTESIAN_POINT('',(28.989716858376,2.,-212.3138583358));
#2536 = VECTOR('',#2537,1.);
#2537 = DIRECTION('',(-0.,-1.,0.));
#2538 = PCURVE('',#744,#2539);
#2539 = DEFINITIONAL_REPRESENTATION('',(#2540),#2544);
#2540 = LINE('',#2541,#2542);
#2541 = CARTESIAN_POINT('',(-38.25,-0.));
#2542 = VECTOR('',#2543,1.);
#2543 = DIRECTION('',(-0.,1.));
#2544 = ( GEOMETRIC_REPRESENTATION_CONTEXT(2) 
PARAMETRIC_REPRESENTATION_CONTEXT() REPRESENTATION_CONTEXT('2D SPACE',''
  ) );
#2545 = PCURVE('',#716,#2546);
#2546 = DEFINITIONAL_REPRESENTATION('',(#2547),#2551);
#2547 = LINE('',#2548,#2549);
#2548 = CARTESIAN_POINT('',(-0.,0.));
#2549 = VECTOR('',#2550,1.);
#2550 = DIRECTION('',(-0.,-1.));
#2551 = ( GEOMETRIC_REPRESENTATION_CONTEXT(2) 
PARAMETRIC_REPRESENTATION_CONTEXT() REPRESENTATION_CONTEXT('2D SPACE',''
  ) );
#2552 = ORIENTED_EDGE('',*,*,#728,.T.);
#2553 = ADVANCED_FACE('',(#2554),#688,.F.);
#2554 = FACE_BOUND('',#2555,.T.);
#2555 = EDGE_LOOP('',(#2556,#2557,#2580,#2601));
#2556 = ORIENTED_EDGE('',*,*,#2051,.F.);
#2557 = ORIENTED_EDGE('',*,*,#2558,.T.);
#2558 = EDGE_CURVE('',#2052,#2559,#2561,.T.);
#2559 = VERTEX_POINT('',#2560);
#2560 = CARTESIAN_POINT('',(45.239962110384,2.,-209.4538707048));
#2561 = SURFACE_CURVE('',#2562,(#2566,#2573),.PCURVE_S1.);
#2562 = LINE('',#2563,#2564);
#2563 = CARTESIAN_POINT('',(38.609990783928,2.,-171.7828476206));
#2564 = VECTOR('',#2565,1.);
#2565 = DIRECTION('',(0.173332583698,0.,-0.984863348607));
#2566 = PCURVE('',#688,#2567);
#2567 = DEFINITIONAL_REPRESENTATION('',(#2568),#2572);
#2568 = LINE('',#2569,#2570);
#2569 = CARTESIAN_POINT('',(-0.,-0.));
#2570 = VECTOR('',#2571,1.);
#2571 = DIRECTION('',(-1.,0.));
#2572 = ( GEOMETRIC_REPRESENTATION_CONTEXT(2) 
PARAMETRIC_REPRESENTATION_CONTEXT() REPRESENTATION_CONTEXT('2D SPACE',''
  ) );
#2573 = PCURVE('',#2091,#2574);
#2574 = DEFINITIONAL_REPRESENTATION('',(#2575),#2579);
#2575 = LINE('',#2576,#2577);
#2576 = CARTESIAN_POINT('',(-16.5,0.));
#2577 = VECTOR('',#2578,1.);
#2578 = DIRECTION('',(-0.,1.));
#2579 = ( GEOMETRIC_REPRESENTATION_CONTEXT(2) 
PARAMETRIC_REPRESENTATION_CONTEXT() REPRESENTATION_CONTEXT('2D SPACE',''
  ) );
#2580 = ORIENTED_EDGE('',*,*,#2581,.T.);
#2581 = EDGE_CURVE('',#2559,#673,#2582,.T.);
#2582 = SURFACE_CURVE('',#2583,(#2587,#2594),.PCURVE_S1.);
#2583 = LINE('',#2584,#2585);
#2584 = CARTESIAN_POINT('',(45.239962110384,2.,-209.4538707048));
#2585 = VECTOR('',#2586,1.);
#2586 = DIRECTION('',(-0.,-1.,0.));
#2587 = PCURVE('',#688,#2588);
#2588 = DEFINITIONAL_REPRESENTATION('',(#2589),#2593);
#2589 = LINE('',#2590,#2591);
#2590 = CARTESIAN_POINT('',(-38.25,-0.));
#2591 = VECTOR('',#2592,1.);
#2592 = DIRECTION('',(-0.,1.));
#2593 = ( GEOMETRIC_REPRESENTATION_CONTEXT(2) 
PARAMETRIC_REPRESENTATION_CONTEXT() REPRESENTATION_CONTEXT('2D SPACE',''
  ) );
#2594 = PCURVE('',#716,#2595);
#2595 = DEFINITIONAL_REPRESENTATION('',(#2596),#2600);
#2596 = LINE('',#2597,#2598);
#2597 = CARTESIAN_POINT('',(-16.5,0.));
#2598 = VECTOR('',#2599,1.);
#2599 = DIRECTION('',(-0.,-1.));
#2600 = ( GEOMETRIC_REPRESENTATION_CONTEXT(2) 
PARAMETRIC_REPRESENTATION_CONTEXT() REPRESENTATION_CONTEXT('2D SPACE',''
  ) );
#2601 = ORIENTED_EDGE('',*,*,#672,.T.);
#2602 = ADVANCED_FACE('',(#2603),#716,.F.);
#2603 = FACE_BOUND('',#2604,.T.);
#2604 = EDGE_LOOP('',(#2605,#2606,#2627,#2628));
#2605 = ORIENTED_EDGE('',*,*,#2581,.F.);
#2606 = ORIENTED_EDGE('',*,*,#2607,.F.);
#2607 = EDGE_CURVE('',#2510,#2559,#2608,.T.);
#2608 = SURFACE_CURVE('',#2609,(#2613,#2620),.PCURVE_S1.);
#2609 = LINE('',#2610,#2611);
#2610 = CARTESIAN_POINT('',(28.989716858376,2.,-212.3138583358));
#2611 = VECTOR('',#2612,1.);
#2612 = DIRECTION('',(0.984863348607,0.,0.173332583698));
#2613 = PCURVE('',#716,#2614);
#2614 = DEFINITIONAL_REPRESENTATION('',(#2615),#2619);
#2615 = LINE('',#2616,#2617);
#2616 = CARTESIAN_POINT('',(-0.,0.));
#2617 = VECTOR('',#2618,1.);
#2618 = DIRECTION('',(-1.,0.));
#2619 = ( GEOMETRIC_REPRESENTATION_CONTEXT(2) 
PARAMETRIC_REPRESENTATION_CONTEXT() REPRESENTATION_CONTEXT('2D SPACE',''
  ) );
#2620 = PCURVE('',#2091,#2621);
#2621 = DEFINITIONAL_REPRESENTATION('',(#2622),#2626);
#2622 = LINE('',#2623,#2624);
#2623 = CARTESIAN_POINT('',(-0.,38.25));
#2624 = VECTOR('',#2625,1.);
#2625 = DIRECTION('',(-1.,0.));
#2626 = ( GEOMETRIC_REPRESENTATION_CONTEXT(2) 
PARAMETRIC_REPRESENTATION_CONTEXT() REPRESENTATION_CONTEXT('2D SPACE',''
  ) );
#2627 = ORIENTED_EDGE('',*,*,#2532,.T.);
#2628 = ORIENTED_EDGE('',*,*,#700,.T.);
#2629 = ADVANCED_FACE('',(#2630),#1025,.F.);
#2630 = FACE_BOUND('',#2631,.T.);
#2631 = EDGE_LOOP('',(#2632,#2633,#2654,#2655));
#2632 = ORIENTED_EDGE('',*,*,#1008,.F.);
#2633 = ORIENTED_EDGE('',*,*,#2634,.F.);
#2634 = EDGE_CURVE('',#1339,#1009,#2635,.T.);
#2635 = SEAM_CURVE('',#2636,(#2640,#2647),.PCURVE_S1.);
#2636 = LINE('',#2637,#2638);
#2637 = CARTESIAN_POINT('',(-88.58341965635,16.,-135.1297526164));
#2638 = VECTOR('',#2639,1.);
#2639 = DIRECTION('',(-0.,-1.,0.));
#2640 = PCURVE('',#1025,#2641);
#2641 = DEFINITIONAL_REPRESENTATION('',(#2642),#2646);
#2642 = LINE('',#2643,#2644);
#2643 = CARTESIAN_POINT('',(-6.28318530718,-0.));
#2644 = VECTOR('',#2645,1.);
#2645 = DIRECTION('',(-0.,1.));
#2646 = ( GEOMETRIC_REPRESENTATION_CONTEXT(2) 
PARAMETRIC_REPRESENTATION_CONTEXT() REPRESENTATION_CONTEXT('2D SPACE',''
  ) );
#2647 = PCURVE('',#1025,#2648);
#2648 = DEFINITIONAL_REPRESENTATION('',(#2649),#2653);
#2649 = LINE('',#2650,#2651);
#2650 = CARTESIAN_POINT('',(-0.,-0.));
#2651 = VECTOR('',#2652,1.);
#2652 = DIRECTION('',(-0.,1.));
#2653 = ( GEOMETRIC_REPRESENTATION_CONTEXT(2) 
PARAMETRIC_REPRESENTATION_CONTEXT() REPRESENTATION_CONTEXT('2D SPACE',''
  ) );
#2654 = ORIENTED_EDGE('',*,*,#1338,.T.);
#2655 = ORIENTED_EDGE('',*,*,#2634,.T.);
#2656 = ADVANCED_FACE('',(#2657),#1056,.F.);
#2657 = FACE_BOUND('',#2658,.T.);
#2658 = EDGE_LOOP('',(#2659,#2660,#2681,#2682));
#2659 = ORIENTED_EDGE('',*,*,#1039,.F.);
#2660 = ORIENTED_EDGE('',*,*,#2661,.F.);
#2661 = EDGE_CURVE('',#1191,#1040,#2662,.T.);
#2662 = SEAM_CURVE('',#2663,(#2667,#2674),.PCURVE_S1.);
#2663 = LINE('',#2664,#2665);
#2664 = CARTESIAN_POINT('',(6.104721043372,16.,-164.9999999324));
#2665 = VECTOR('',#2666,1.);
#2666 = DIRECTION('',(-0.,-1.,0.));
#2667 = PCURVE('',#1056,#2668);
#2668 = DEFINITIONAL_REPRESENTATION('',(#2669),#2673);
#2669 = LINE('',#2670,#2671);
#2670 = CARTESIAN_POINT('',(-6.28318530718,-0.));
#2671 = VECTOR('',#2672,1.);
#2672 = DIRECTION('',(-0.,1.));
#2673 = ( GEOMETRIC_REPRESENTATION_CONTEXT(2) 
PARAMETRIC_REPRESENTATION_CONTEXT() REPRESENTATION_CONTEXT('2D SPACE',''
  ) );
#2674 = PCURVE('',#1056,#2675);
#2675 = DEFINITIONAL_REPRESENTATION('',(#2676),#2680);
#2676 = LINE('',#2677,#2678);
#2677 = CARTESIAN_POINT('',(-0.,-0.));
#2678 = VECTOR('',#2679,1.);
#2679 = DIRECTION('',(-0.,1.));
#2680 = ( GEOMETRIC_REPRESENTATION_CONTEXT(2) 
PARAMETRIC_REPRESENTATION_CONTEXT() REPRESENTATION_CONTEXT('2D SPACE',''
  ) );
#2681 = ORIENTED_EDGE('',*,*,#1190,.T.);
#2682 = ORIENTED_EDGE('',*,*,#2661,.T.);
#2683 = ADVANCED_FACE('',(#2684),#1087,.F.);
#2684 = FACE_BOUND('',#2685,.T.);
#2685 = EDGE_LOOP('',(#2686,#2687,#2708,#2709));
#2686 = ORIENTED_EDGE('',*,*,#1070,.F.);
#2687 = ORIENTED_EDGE('',*,*,#2688,.F.);
#2688 = EDGE_CURVE('',#1313,#1071,#2689,.T.);
#2689 = SEAM_CURVE('',#2690,(#2694,#2701),.PCURVE_S1.);
#2690 = LINE('',#2691,#2692);
#2691 = CARTESIAN_POINT('',(34.699876310205,16.,-162.50245252));
#2692 = VECTOR('',#2693,1.);
#2693 = DIRECTION('',(-0.,-1.,0.));
#2694 = PCURVE('',#1087,#2695);
#2695 = DEFINITIONAL_REPRESENTATION('',(#2696),#2700);
#2696 = LINE('',#2697,#2698);
#2697 = CARTESIAN_POINT('',(-6.28318530718,-0.));
#2698 = VECTOR('',#2699,1.);
#2699 = DIRECTION('',(-0.,1.));
#2700 = ( GEOMETRIC_REPRESENTATION_CONTEXT(2) 
PARAMETRIC_REPRESENTATION_CONTEXT() REPRESENTATION_CONTEXT('2D SPACE',''
  ) );
#2701 = PCURVE('',#1087,#2702);
#2702 = DEFINITIONAL_REPRESENTATION('',(#2703),#2707);
#2703 = LINE('',#2704,#2705);
#2704 = CARTESIAN_POINT('',(-0.,-0.));
#2705 = VECTOR('',#2706,1.);
#2706 = DIRECTION('',(-0.,1.));
#2707 = ( GEOMETRIC_REPRESENTATION_CONTEXT(2) 
PARAMETRIC_REPRESENTATION_CONTEXT() REPRESENTATION_CONTEXT('2D SPACE',''
  ) );
#2708 = ORIENTED_EDGE('',*,*,#1312,.T.);
#2709 = ORIENTED_EDGE('',*,*,#2688,.T.);
#2710 = ADVANCED_FACE('',(#2711),#1118,.F.);
#2711 = FACE_BOUND('',#2712,.T.);
#2712 = EDGE_LOOP('',(#2713,#2714,#2735,#2736));
#2713 = ORIENTED_EDGE('',*,*,#1101,.F.);
#2714 = ORIENTED_EDGE('',*,*,#2715,.F.);
#2715 = EDGE_CURVE('',#1365,#1102,#2716,.T.);
#2716 = SEAM_CURVE('',#2717,(#2721,#2728),.PCURVE_S1.);
#2717 = LINE('',#2718,#2719);
#2718 = CARTESIAN_POINT('',(76.409964121188,16.,-149.2699197604));
#2719 = VECTOR('',#2720,1.);
#2720 = DIRECTION('',(-0.,-1.,0.));
#2721 = PCURVE('',#1118,#2722);
#2722 = DEFINITIONAL_REPRESENTATION('',(#2723),#2727);
#2723 = LINE('',#2724,#2725);
#2724 = CARTESIAN_POINT('',(-6.28318530718,-0.));
#2725 = VECTOR('',#2726,1.);
#2726 = DIRECTION('',(-0.,1.));
#2727 = ( GEOMETRIC_REPRESENTATION_CONTEXT(2) 
PARAMETRIC_REPRESENTATION_CONTEXT() REPRESENTATION_CONTEXT('2D SPACE',''
  ) );
#2728 = PCURVE('',#1118,#2729);
#2729 = DEFINITIONAL_REPRESENTATION('',(#2730),#2734);
#2730 = LINE('',#2731,#2732);
#2731 = CARTESIAN_POINT('',(-0.,-0.));
#2732 = VECTOR('',#2733,1.);
#2733 = DIRECTION('',(-0.,1.));
#2734 = ( GEOMETRIC_REPRESENTATION_CONTEXT(2) 
PARAMETRIC_REPRESENTATION_CONTEXT() REPRESENTATION_CONTEXT('2D SPACE',''
  ) );
#2735 = ORIENTED_EDGE('',*,*,#1364,.T.);
#2736 = ORIENTED_EDGE('',*,*,#2715,.T.);
#2737 = ADVANCED_FACE('',(#2738),#1149,.F.);
#2738 = FACE_BOUND('',#2739,.T.);
#2739 = EDGE_LOOP('',(#2740,#2741,#2762,#2763));
#2740 = ORIENTED_EDGE('',*,*,#1132,.F.);
#2741 = ORIENTED_EDGE('',*,*,#2742,.F.);
#2742 = EDGE_CURVE('',#1391,#1133,#2743,.T.);
#2743 = SEAM_CURVE('',#2744,(#2748,#2755),.PCURVE_S1.);
#2744 = LINE('',#2745,#2746);
#2745 = CARTESIAN_POINT('',(88.55420482578,16.,-142.920621698));
#2746 = VECTOR('',#2747,1.);
#2747 = DIRECTION('',(-0.,-1.,0.));
#2748 = PCURVE('',#1149,#2749);
#2749 = DEFINITIONAL_REPRESENTATION('',(#2750),#2754);
#2750 = LINE('',#2751,#2752);
#2751 = CARTESIAN_POINT('',(-6.28318530718,-0.));
#2752 = VECTOR('',#2753,1.);
#2753 = DIRECTION('',(-0.,1.));
#2754 = ( GEOMETRIC_REPRESENTATION_CONTEXT(2) 
PARAMETRIC_REPRESENTATION_CONTEXT() REPRESENTATION_CONTEXT('2D SPACE',''
  ) );
#2755 = PCURVE('',#1149,#2756);
#2756 = DEFINITIONAL_REPRESENTATION('',(#2757),#2761);
#2757 = LINE('',#2758,#2759);
#2758 = CARTESIAN_POINT('',(-0.,-0.));
#2759 = VECTOR('',#2760,1.);
#2760 = DIRECTION('',(-0.,1.));
#2761 = ( GEOMETRIC_REPRESENTATION_CONTEXT(2) 
PARAMETRIC_REPRESENTATION_CONTEXT() REPRESENTATION_CONTEXT('2D SPACE',''
  ) );
#2762 = ORIENTED_EDGE('',*,*,#1390,.T.);
#2763 = ORIENTED_EDGE('',*,*,#2742,.T.);
#2764 = ADVANCED_FACE('',(#2765),#1486,.T.);
#2765 = FACE_BOUND('',#2766,.F.);
#2766 = EDGE_LOOP('',(#2767,#2768,#2769,#2770,#2771,#2772));
#2767 = ORIENTED_EDGE('',*,*,#1797,.F.);
#2768 = ORIENTED_EDGE('',*,*,#1677,.F.);
#2769 = ORIENTED_EDGE('',*,*,#1549,.T.);
#2770 = ORIENTED_EDGE('',*,*,#1470,.F.);
#2771 = ORIENTED_EDGE('',*,*,#1972,.F.);
#2772 = ORIENTED_EDGE('',*,*,#1895,.T.);
#2773 = ADVANCED_FACE('',(#2774),#1638,.T.);
#2774 = FACE_BOUND('',#2775,.F.);
#2775 = EDGE_LOOP('',(#2776,#2777,#2778,#2779,#2780,#2781,#2782,#2783,
    #2784));
#2776 = ORIENTED_EDGE('',*,*,#2482,.F.);
#2777 = ORIENTED_EDGE('',*,*,#2001,.F.);
#2778 = ORIENTED_EDGE('',*,*,#1622,.F.);
#2779 = ORIENTED_EDGE('',*,*,#1725,.T.);
#2780 = ORIENTED_EDGE('',*,*,#1824,.T.);
#2781 = ORIENTED_EDGE('',*,*,#1922,.F.);
#2782 = ORIENTED_EDGE('',*,*,#2232,.F.);
#2783 = ORIENTED_EDGE('',*,*,#2332,.T.);
#2784 = ORIENTED_EDGE('',*,*,#2406,.F.);
#2785 = ADVANCED_FACE('',(#2786),#2169,.T.);
#2786 = FACE_BOUND('',#2787,.F.);
#2787 = EDGE_LOOP('',(#2788,#2789,#2790,#2791));
#2788 = ORIENTED_EDGE('',*,*,#2259,.F.);
#2789 = ORIENTED_EDGE('',*,*,#2152,.F.);
#2790 = ORIENTED_EDGE('',*,*,#2455,.T.);
#2791 = ORIENTED_EDGE('',*,*,#2379,.F.);
#2792 = ADVANCED_FACE('',(#2793),#2091,.T.);
#2793 = FACE_BOUND('',#2794,.F.);
#2794 = EDGE_LOOP('',(#2795,#2796,#2797,#2798));
#2795 = ORIENTED_EDGE('',*,*,#2509,.F.);
#2796 = ORIENTED_EDGE('',*,*,#2074,.F.);
#2797 = ORIENTED_EDGE('',*,*,#2558,.T.);
#2798 = ORIENTED_EDGE('',*,*,#2607,.F.);
#2799 = ( GEOMETRIC_REPRESENTATION_CONTEXT(3) 
GLOBAL_UNCERTAINTY_ASSIGNED_CONTEXT((#2803)) 
GLOBAL_UNIT_ASSIGNED_CONTEXT((#2800,#2801,#2802)) REPRESENTATION_CONTEXT
('Context #1','3D Context with UNIT and UNCERTAINTY') );
#2800 = ( LENGTH_UNIT() NAMED_UNIT(*) SI_UNIT(.MILLI.,.METRE.) );
#2801 = ( NAMED_UNIT(*) PLANE_ANGLE_UNIT() SI_UNIT($,.RADIAN.) );
#2802 = ( NAMED_UNIT(*) SI_UNIT($,.STERADIAN.) SOLID_ANGLE_UNIT() );
#2803 = UNCERTAINTY_MEASURE_WITH_UNIT(LENGTH_MEASURE(1.E-07),#2800,
  'distance_accuracy_value','confusion accuracy');
#2804 = CONTEXT_DEPENDENT_SHAPE_REPRESENTATION(#2805,#2807);
#2805 = ( REPRESENTATION_RELATIONSHIP('','',#32,#10) 
REPRESENTATION_RELATIONSHIP_WITH_TRANSFORMATION(#2806) 
SHAPE_REPRESENTATION_RELATIONSHIP() );
#2806 = ITEM_DEFINED_TRANSFORMATION('','',#11,#15);
#2807 = PRODUCT_DEFINITION_SHAPE('Placement','Placement of an item',
  #2808);
#2808 = NEXT_ASSEMBLY_USAGE_OCCURRENCE('632','=>[0:1:1:2]','',#5,#27,$);
#2809 = PRODUCT_RELATED_PRODUCT_CATEGORY('part',$,(#29));
#2810 = MECHANICAL_DESIGN_GEOMETRIC_PRESENTATION_REPRESENTATION('',(
    #2811),#2799);
#2811 = STYLED_ITEM('color',(#2812),#33);
#2812 = PRESENTATION_STYLE_ASSIGNMENT((#2813));
#2813 = SURFACE_STYLE_USAGE(.BOTH.,#2814);
#2814 = SURFACE_SIDE_STYLE('',(#2815));
#2815 = SURFACE_STYLE_FILL_AREA(#2816);
#2816 = FILL_AREA_STYLE('',(#2817));
#2817 = FILL_AREA_STYLE_COLOUR('',#2818);
#2818 = COLOUR_RGB('',0.88082502109,0.626209676391,0.349190215138);
ENDSEC;
END-ISO-10303-21;
